-- phpMyAdmin SQL Dump
-- version 4.0.10.15
-- http://www.phpmyadmin.net
--
-- Host: localhost
-- Generation Time: Apr 06, 2017 at 02:48 PM
-- Server version: 5.1.73
-- PHP Version: 5.6.23

SET SQL_MODE = "NO_AUTO_VALUE_ON_ZERO";
SET time_zone = "+00:00";


/*!40101 SET @OLD_CHARACTER_SET_CLIENT=@@CHARACTER_SET_CLIENT */;
/*!40101 SET @OLD_CHARACTER_SET_RESULTS=@@CHARACTER_SET_RESULTS */;
/*!40101 SET @OLD_COLLATION_CONNECTION=@@COLLATION_CONNECTION */;
/*!40101 SET NAMES utf8 */;

--
-- Database: `mnstv_menu`
--

-- --------------------------------------------------------

--
-- Table structure for table `tbl_catalogue`
--

CREATE TABLE IF NOT EXISTS `tbl_catalogue` (
  `id` tinyint(4) NOT NULL AUTO_INCREMENT,
  `catalogue_id` tinyint(4) NOT NULL,
  `catalogue_short_name` varchar(20) COLLATE utf8_unicode_ci NOT NULL,
  `catalogue_name` varchar(50) COLLATE utf8_unicode_ci NOT NULL,
  `language_id` varchar(2) COLLATE utf8_unicode_ci NOT NULL,
  `icon_path` varchar(255) COLLATE utf8_unicode_ci NOT NULL,
  `order_num` tinyint(4) NOT NULL DEFAULT '0',
  `active` tinyint(3) unsigned NOT NULL DEFAULT '0',
  PRIMARY KEY (`id`)
) ENGINE=InnoDB  DEFAULT CHARSET=utf8 COLLATE=utf8_unicode_ci AUTO_INCREMENT=20 ;

--
-- Dumping data for table `tbl_catalogue`
--

INSERT INTO `tbl_catalogue` (`id`, `catalogue_id`, `catalogue_short_name`, `catalogue_name`, `language_id`, `icon_path`, `order_num`, `active`) VALUES
(1, 1, 'business', 'Business', 'en', '', 0, 0),
(2, 2, 'cafe', 'Cafe', 'en', '', 0, 0),
(3, 3, 'restaurant', 'Restaurant', 'en', '', 0, 0),
(4, 4, 'shopping', 'Shopping', 'en', '', 0, 0),
(5, 1, 'business', 'Business', 'vi', '', 0, 0),
(6, 2, 'cafe', 'Cafe', 'vi', '', 0, 0),
(7, 3, 'restaurant', 'Nhà Hàng', 'vi', '', 0, 0),
(8, 4, 'shopping', 'Shopping', 'vi', '', 0, 0),
(9, 5, 'fast food', 'Fast Food', 'en', '', 0, 1),
(10, 6, 'Cuisine', 'Cuisine', 'en', '', 0, 1),
(11, 7, 'Street Food', 'Street Food', 'en', '', 0, 1),
(12, 8, 'Viet Food', 'Viet Food', 'en', '', 0, 1),
(13, 9, 'Cream', 'Cream', 'en', '', 0, 1),
(14, 10, 'Juices', 'Juices', 'en', '', 0, 1),
(15, 11, 'Coffee', 'Coffee', 'en', '', 0, 1),
(16, 12, 'Wine', 'Wine', 'en', '', 0, 1),
(17, 13, 'Beers', 'Beers', 'en', '', 0, 1),
(18, 14, 'Cocktails', 'Cocktails', 'en', '', 0, 1),
(19, 15, 'Soft Drinks', 'Soft Drinks', 'en', '', 0, 1);

-- --------------------------------------------------------

--
-- Table structure for table `tbl_comment`
--

CREATE TABLE IF NOT EXISTS `tbl_comment` (
  `comment_id` int(10) unsigned NOT NULL AUTO_INCREMENT,
  `parent_id` int(11) NOT NULL DEFAULT '0',
  `user_id` int(10) unsigned NOT NULL,
  `comment_type` tinyint(3) unsigned NOT NULL,
  `template_id` int(10) unsigned NOT NULL,
  `value` tinyint(3) unsigned NOT NULL,
  `content` longtext COLLATE utf8_unicode_ci NOT NULL,
  `update_time` timestamp NOT NULL DEFAULT CURRENT_TIMESTAMP,
  `active` tinyint(4) NOT NULL DEFAULT '1',
  PRIMARY KEY (`comment_id`)
) ENGINE=InnoDB  DEFAULT CHARSET=utf8 COLLATE=utf8_unicode_ci AUTO_INCREMENT=78 ;

--
-- Dumping data for table `tbl_comment`
--

INSERT INTO `tbl_comment` (`comment_id`, `parent_id`, `user_id`, `comment_type`, `template_id`, `value`, `content`, `update_time`, `active`) VALUES
(1, 0, 4, 2, 46, 5, 'It''s so good!', '2017-03-27 04:41:32', 1),
(2, 0, 4, 2, 46, 4, 'abc', '2017-03-27 04:44:34', 1),
(3, 0, 33, 1, 20, 0, 'How can I use it?\r\n', '2017-03-27 06:38:57', 1),
(4, 3, 33, 1, 20, 0, 'Test', '2017-03-27 06:39:53', 1),
(5, 0, 4, 2, 5, 4, 'Good!', '2017-03-27 08:10:00', 1),
(6, 0, 4, 2, 5, 5, '&lt;script&gt;alert(&ldquo;XSS&rdquo;)&lt;/script&gt;', '2017-03-27 08:12:21', 1),
(7, 0, 4, 1, 5, 0, 'abc &lt;script&gt;alert(&ldquo;XSS&rdquo;)&lt;/script&gt; def', '2017-03-27 08:15:34', 1),
(8, 7, 4, 1, 5, 0, '&lt;script&gt;alert(&ldquo;XSS&rdquo;)&lt;/script&gt;', '2017-03-27 08:20:19', 1),
(9, 0, 4, 2, 5, 3, 'The Digital Signage marketplace where you can find your dream beautiful and elegant Dynamic HTML5 Templates for your business.\r\n\r\nOur Premium Templates can easily customized by replacing the text, images and color in a minute. They are compatible with wide range of the Digital Signage systems on the world from the Cloud Systems to Self-hosted services.', '2017-03-27 08:26:21', 1),
(10, 3, 4, 1, 20, 0, 'Test', '2017-03-29 03:48:20', 1),
(11, 0, 4, 1, 20, 0, 'Question Content', '2017-03-29 03:48:58', 1),
(12, 11, 4, 1, 20, 0, 'ad', '2017-03-29 03:49:24', 1),
(13, 7, 32, 1, 5, 0, '&lt;script&gt;alert(&ldquo;XSS&rdquo;)&lt;/script&gt;', '2017-03-29 07:36:16', 1),
(14, 0, 32, 2, 63, 5, 'a', '2017-03-29 09:09:22', 1),
(15, 0, 4, 1, 37, 0, 'Lan Anh test', '2017-03-30 07:53:42', 1),
(16, 0, 4, 1, 1, 0, 'Test 2', '2017-03-31 04:26:20', 1),
(17, 16, 4, 1, 1, 0, '123 test@', '2017-03-31 04:28:44', 1),
(18, 0, 4, 1, 53, 0, 'Test', '2017-04-03 04:21:23', 1),
(19, 18, 4, 1, 53, 0, 'Beautiful and Dynamic HTML5 Digital Signage Templates from our creative community for Food and Beverage.\r\nOur Premium Templates can easily customized by replace the text, images and color in a minute.\r\nThey are compatible with wide range of the Digital Signage systems on the world from the Cloud Systems to Self-hosted services.\r\nBeautiful and Dynamic HTML5 Digital Signage Templates from our creative community for Food and Beverage.\r\nOur Premium Templates can easily customized by replace the text, images and color in a minute.\r\nThey are compatible with wide range of the Digital Signage systems on the world from the Cloud Systems to Self-hosted services.\r\nBeautiful and Dynamic HTML5 Digital Signage Templates from our creative community for Food and Beverage.\r\nOur Premium Templates can easily customized by replace the text, images and color in a minute.\r\nThey are compatible with wide range of the Digital Signage systems on the world from the Cloud Systems to Self-hosted services.', '2017-04-03 04:22:55', 1),
(20, 18, 4, 1, 53, 0, 'Beautiful and Dynamic HTML5 Digital Signage Templates from our creative community for Food and Beverage.\r\nOur Premium Templates can easily customized by replace the text, images and color in a minute.\r\nThey are compatible with wide range of the Digital Signage systems on the world from the Cloud Systems to Self-hosted services.\r\nBeautiful and Dynamic HTML5 Digital Signage Templates from our creative community for Food and Beverage.\r\nOur Premium Templates can easily customized by replace the text, images and color in a minute.\r\nThey are compatible with wide range of the Digital Signage systems on the world from the Cloud Systems to Self-hosted services.\r\nBeautiful and Dynamic HTML5 Digital Signage Templates from our creative community for Food and Beverage.\r\nOur Premium Templates can easily customized by replace the text, images and color in a minute.\r\nThey are compatible with wide range of the Digital Signage systems on the world from the Cloud Systems to Self-hosted services.\r\nBeautiful and Dynamic HTML5 Digital Signage Templates from our creative community for Food and Beverage.\r\nOur Premium Templates can easily customized by replace the text, images and color in a minute.\r\nThey are compatible with wide range of the Digital Signage systems on the world from the Cloud Systems to Self-hosted services.\r\nBeautiful and Dynamic HTML5 Digital Signage Templates from our creative community for Food and Beverage.\r\nOur Premium Templates can easily customized by replace the text, images and color in a minute.\r\nThey are compatible with wide range of the Digital Signage systems on the world from the Cloud Systems to Self-hosted services.\r\nBeautiful and Dynamic HTML5 Digital Signage Templates from our creative community for Food and Beverage.\r\nOur Premium Templates can easily customized by replace the text, images and color in a minute.\r\nThey are compatible with wide range of the Digital Signage systems on the world from the Cloud Systems to Self-hosted services.\r\nBeautiful and Dynamic HTML5 Digital Signage Templates from our creative community for Food and Beverage.\r\nOur Premium Templates can easily customized by replace the text, images and color in a minute.\r\nThey are compatible with wide range of the Digital Signage systems on the world from the Cloud Systems to Self-hosted services.\r\nBeautiful and Dynamic HTML5 Digital Signage Templates from our creative community for Food and Beverage.\r\nOur Premium Templates can easily customized by replace the text, images and color in a minute.\r\nThey are compatible with wide range of the Digital Signage systems on the world from the Cloud Systems to Self-hosted services.\r\nBeautiful and Dynamic HTML5 Digital Signage Templates from our creative community for Food and Beverage.\r\nOur Premium Templates can easily customized by replace the text, images and color in a minute.\r\nThey are compatible with wide range of the Digital Signage systems on the world from the Cloud Systems to Self-hosted services.\r\nBeautiful and Dynamic HTML5 Digital Signage Templates from our creative community for Food and Beverage.\r\nOur Premium Templates can easily customized by replace the text, images and color in a minute.\r\nThey are compatible with wide range of the Digital Signage systems on the world from the Cloud Systems to Self-hosted services.\r\nBeautiful and Dynamic HTML5 Digital Signage Templates from our creative community for Food and Beverage.\r\nOur Premium Templates can easily customized by replace the text, images and color in a minute.\r\nThey are compatible with wide range of the Digital Signage systems on the world from the Cloud Systems to Self-hosted services.\r\nBeautiful and Dynamic HTML5 Digital Signage Templates from our creative community for Food and Beverage.\r\nOur Premium Templates can easily customized by replace the text, images and color in a minute.\r\nThey are compatible with wide range of the Digital Signage systems on the world from the Cloud Systems to Self-hosted services.', '2017-04-03 04:23:38', 1),
(21, 0, 4, 1, 53, 0, 'Beautiful and Dynamic HTML5 Digital Signage Templates from our creative community for Food and Beverage.\r\nOur Premium Templates can easily customized by replace the text, images and color in a minute.\r\nThey are compatible with wide range of the Digital Signage systems on the world from the Cloud Systems to Self-hosted services.\r\nBeautiful and Dynamic HTML5 Digital Signage Templates from our creative community for Food and Beverage.\r\nOur Premium Templates can easily customized by replace the text, images and color in a minute.\r\nThey are compatible with wide range of the Digital Signage systems on the world from the Cloud Systems to Self-hosted services.\r\nBeautiful and Dynamic HTML5 Digital Signage Templates from our creative community for Food and Beverage.\r\nOur Premium Templates can easily customized by replace the text, images and color in a minute.\r\nThey are compatible with wide range of the Digital Signage systems on the world from the Cloud Systems to Self-hosted services.\r\nBeautiful and Dynamic HTML5 Digital Signage Templates from our creative community for Food and Beverage.\r\nOur Premium Templates can easily customized by replace the text, images and color in a minute.\r\nThey are compatible with wide range of the Digital Signage systems on the world from the Cloud Systems to Self-hosted services.\r\nBeautiful and Dynamic HTML5 Digital Signage Templates from our creative community for Food and Beverage.\r\nOur Premium Templates can easily customized by replace the text, images and color in a minute.\r\nThey are compatible with wide range of the Digital Signage systems on the world from the Cloud Systems to Self-hosted services.\r\nBeautiful and Dynamic HTML5 Digital Signage Templates from our creative community for Food and Beverage.\r\nOur Premium Templates can easily customized by replace the text, images and color in a minute.\r\nThey are compatible with wide range of the Digital Signage systems on the world from the Cloud Systems to Self-hosted services.', '2017-04-03 04:24:08', 1),
(22, 0, 4, 1, 53, 0, 'abcd test', '2017-04-03 04:24:45', 1),
(23, 0, 4, 1, 53, 0, 'Beautiful and Dynamic HTML5 Digital Signage Templates from our creative community for Food and Beverage.\r\nOur Premium Templates can easily customized by replace the text, images and color in a minute.\r\nThey are compatible with wide range of the Digital Signage systems on the world from the Cloud Systems to Self-hosted services.', '2017-04-03 04:25:07', 1),
(24, 0, 4, 1, 53, 0, 'Beautiful and Dynamic HTML5 Digital Signage Templates from our creative community for Food and Beverage.\r\nOur Premium Templates can easily customized by replace the text, images and color in a minute.\r\nThey are compatible with wide range of the Digital Signage systems on the world from the Cloud Systems to Self-hosted services.', '2017-04-03 04:27:27', 1),
(25, 0, 4, 1, 53, 0, 'Beautiful and Dynamic HTML5 Digital Signage Templates from our creative community for Food and Beverage.\r\nOur Premium Templates can easily customized by replace the text, images and color in a minute.\r\nThey are compatible with wide range of the Digital Signage systems on the world from the Cloud Systems to Self-hosted services.', '2017-04-03 04:27:49', 1),
(26, 0, 4, 2, 53, 5, 'Beautiful and Dynamic HTML5 Digital Signage Templates from our creative community for Food and Beverage.\r\nOur Premium Templates can easily customized by replace the text, images and color in a minute.\r\nThey are compatible with wide range of the Digital Signage systems on the world from the Cloud Systems to Self-hosted services.', '2017-04-03 04:28:40', 1),
(27, 0, 4, 1, 35, 0, '123', '2017-04-04 02:54:36', 1),
(28, 0, 25, 1, 35, 0, 'Về việc hướng dẫn sử dụng Digital Signage template?', '2017-04-05 02:59:20', 1),
(29, 27, 25, 1, 35, 0, 'Digital Signage', '2017-04-05 03:03:22', 1),
(30, 0, 25, 2, 35, 4, 'Digital Signage template', '2017-04-05 03:04:21', 1),
(31, 0, 25, 1, 22, 0, 'Prenium HTML5 Digital Signage Templates', '2017-04-05 03:05:42', 1),
(32, 0, 25, 2, 22, 5, 'Beautiful and Dynamic HTML5 Digital Signage Templates from our creative community for Food and Beverage.\r\nOur Premium Templates can easily customized by replace the text, images and color in a minute.\r\nThey are compatible with wide range of the Digital Signage systems on the world from the Cloud Systems to Self-hosted services', '2017-04-05 03:06:08', 1),
(33, 0, 25, 2, 22, 3, 'Beautiful and Dynamic HTML5 Digital Signage Templates from our creative community for Food and Beverage.\r\nOur Premium Templates can easily customized by replace the text, images and color in a minute.\r\nThey are compatible with wide range of the Digital Signage systems on the world from the Cloud Systems to Self-hosted services', '2017-04-05 03:07:06', 1),
(34, 31, 25, 1, 22, 0, 'Beautiful and Dynamic HTML5 Digital Signage Templates from our creative community for Food and Beverage.', '2017-04-05 03:09:08', 1),
(35, 0, 25, 2, 20, 4, 'Beautiful and Dynamic HTML5 Digital Signage Templates from our creative community for Food and Beverage.', '2017-04-05 03:12:03', 1),
(36, 0, 25, 1, 20, 0, 'How to install the system?', '2017-04-05 03:13:18', 1),
(37, 0, 25, 1, 20, 0, 'How to change the content?', '2017-04-05 03:14:23', 1),
(38, 0, 25, 1, 20, 0, 'Beautiful and Dynamic HTML5 Digital Signage Templates from our creative community for Food and Beverage.', '2017-04-05 03:15:00', 1),
(39, 0, 25, 1, 20, 0, 'Beautiful and Dynamic HTML5 Digital Signage Templates from our creative community for Food and Beverage.', '2017-04-05 03:15:13', 1),
(40, 0, 25, 2, 37, 2, 'Ok', '2017-04-05 03:23:02', 1),
(41, 0, 25, 2, 35, 5, 'Ok', '2017-04-05 03:24:22', 1),
(42, 0, 25, 2, 35, 5, 'Ok', '2017-04-05 03:24:59', 1),
(43, 0, 25, 2, 35, 5, 'Ok', '2017-04-05 03:25:16', 1),
(44, 0, 25, 1, 45, 0, 'How to install the system?', '2017-04-05 03:37:21', 1),
(45, 0, 25, 2, 45, 5, 'Beautiful and Dynamic HTML5 Digital Signage Templates from our creative community for Food and Beverage.', '2017-04-05 03:37:34', 1),
(46, 0, 25, 1, 37, 0, 'Beautiful and Dynamic HTML5 Digital Signage Templates from our creative community for Food and Beverage.', '2017-04-05 03:41:26', 1),
(47, 0, 25, 2, 37, 5, 'Beautiful and Dynamic HTML5 Digital Signage Templates from our creative community for Food and Beverage.', '2017-04-05 03:41:38', 1),
(48, 0, 4, 2, 29, 5, 'Test 1', '2017-04-05 03:44:53', 1),
(49, 0, 4, 2, 29, 5, 'Test 2', '2017-04-05 03:45:08', 1),
(50, 0, 4, 2, 29, 5, 'Test 3', '2017-04-05 03:45:27', 1),
(51, 0, 4, 2, 29, 4, 'Test 4', '2017-04-05 03:45:40', 1),
(52, 0, 4, 2, 29, 1, 'Test 5', '2017-04-05 03:46:54', 1),
(53, 0, 4, 1, 29, 0, 'Test 1: Beautiful and Dynamic HTML5 Digital Signage Templates from our creative community for Food and Beverage.\r\nOur Premium Templates can easily customized by replace the text, images and color in a minute.\r\nThey are compatible with wide range of the Digital Signage systems on the world from the Cloud Systems to Self-hosted services.', '2017-04-05 03:50:53', 1),
(54, 53, 4, 1, 29, 0, 'Beautiful and Dynamic HTML5 Digital Signage Templates from our creative community for Food and Beverage.\r\nOur Premium Templates can easily customized by replace the text, images and color in a minute.\r\nThey are compatible with wide range of the Digital Signage systems on the world from the Cloud Systems to Self-hosted services.', '2017-04-05 03:51:11', 1),
(55, 0, 4, 1, 29, 0, 'Beautiful and Dynamic HTML5 Digital Signage Templates from our creative community for Food and Beverage.\r\nOur Premium Templates can easily customized by replace the text, images and color in a minute.\r\nThey are compatible with wide range of the Digital Signage systems on the world from the Cloud Systems to Self-hosted services.', '2017-04-05 03:51:22', 1),
(56, 0, 4, 1, 29, 0, 'Test 3', '2017-04-05 03:51:33', 1),
(57, 0, 4, 1, 29, 0, 'test 4', '2017-04-05 03:51:44', 1),
(58, 0, 4, 1, 29, 0, 'Test 5', '2017-04-05 03:51:57', 1),
(59, 0, 4, 1, 29, 0, 'Test 6: Beautiful and Dynamic HTML5 Digital Signage Templates from our creative community for Food and Beverage.\r\nOur Premium Templates can easily customized by replace the text, images and color in a minute.\r\nThey are compatible with wide range of the Digital Signage systems on the world from the Cloud Systems to Self-hosted services.', '2017-04-05 03:52:12', 1),
(60, 59, 4, 1, 29, 0, 'Answers 1', '2017-04-05 03:55:57', 1),
(61, 59, 4, 1, 29, 0, 'Reply 2', '2017-04-05 03:56:35', 1),
(62, 59, 4, 1, 29, 0, 'Reply 3', '2017-04-05 03:57:03', 1),
(63, 59, 4, 1, 29, 0, 'Reply 4', '2017-04-05 03:57:15', 1),
(64, 59, 4, 1, 29, 0, 'Reply 5', '2017-04-05 03:57:34', 1),
(65, 0, 4, 1, 29, 0, 'How to install the maim Monstroid2 theme', '2017-04-05 03:58:44', 1),
(66, 65, 4, 1, 29, 0, 'Reply1', '2017-04-05 03:58:55', 1),
(67, 65, 4, 1, 29, 0, 'Unzip the fownloaded template package and install monstroid2.zip from &quot;theme&quot; folder via Appearance/Themes in WordPress admin panel', '2017-04-05 03:59:26', 1),
(68, 65, 34, 1, 29, 0, 'Test', '2017-04-05 04:08:10', 1),
(69, 31, 44, 1, 22, 0, 'Yes, thanks', '2017-04-05 10:15:45', 1),
(70, 0, 4, 2, 23, 5, 'Test 1', '2017-04-05 10:55:16', 1),
(71, 0, 4, 2, 23, 5, 'Test 2', '2017-04-05 10:55:37', 1),
(72, 0, 4, 2, 23, 4, 'Test 3', '2017-04-05 10:55:47', 1),
(73, 0, 34, 2, 23, 3, 'Test 2_1', '2017-04-05 10:57:50', 1),
(74, 0, 34, 1, 1, 0, 'We''re focusing on the menu for Food Restaurant, it will help increase of up to 33% in additional sales through the use of digital signage', '2017-04-06 04:30:09', 1),
(75, 0, 34, 2, 1, 5, 'Lan Anh test 1', '2017-04-06 04:32:08', 1),
(76, 0, 34, 2, 1, 3, 'Lan Anh test 2', '2017-04-06 04:32:52', 1),
(77, 0, 34, 2, 1, 2, 'Fail', '2017-04-06 04:33:32', 1);

-- --------------------------------------------------------

--
-- Table structure for table `tbl_country`
--

CREATE TABLE IF NOT EXISTS `tbl_country` (
  `country_id` int(11) NOT NULL,
  `country_name` varchar(100) COLLATE utf8_unicode_ci NOT NULL,
  PRIMARY KEY (`country_id`)
) ENGINE=InnoDB DEFAULT CHARSET=utf8 COLLATE=utf8_unicode_ci;

--
-- Dumping data for table `tbl_country`
--

INSERT INTO `tbl_country` (`country_id`, `country_name`) VALUES
(1, 'Afghanistan'),
(2, 'Albania'),
(3, 'Algeria'),
(4, 'American Samoa'),
(5, 'Andorra'),
(6, 'Angola'),
(7, 'Anguilla'),
(8, 'Antarctica'),
(9, 'Antigua and Barbuda'),
(10, 'Argentina'),
(11, 'Armenia'),
(12, 'Aruba'),
(13, 'Australia'),
(14, 'Austria'),
(15, 'Azerbaijan'),
(16, 'Bahamas'),
(17, 'Bahrain'),
(18, 'Bangladesh'),
(19, 'Barbados'),
(20, 'Belarus'),
(21, 'Belgium'),
(22, 'Belize'),
(23, 'Benin'),
(24, 'Bermuda'),
(25, 'Bhutan'),
(26, 'Bolivia'),
(27, 'Bosnia and Herzegovina'),
(28, 'Botswana'),
(29, 'Brazil'),
(30, 'British Indian Ocean Territory'),
(31, 'British Virgin Islands'),
(32, 'Brunei'),
(33, 'Bulgaria'),
(34, 'Burkina Faso'),
(35, 'Burundi'),
(36, 'Cambodia'),
(37, 'Cameroon'),
(38, 'Canada'),
(39, 'Cape Verde'),
(40, 'Cayman Islands'),
(41, 'Central African Republic'),
(42, 'Chad'),
(43, 'Chile'),
(44, 'China'),
(45, 'Christmas Island'),
(46, 'Cocos Islands'),
(47, 'Colombia'),
(48, 'Comoros'),
(49, 'Cook Islands'),
(50, 'Costa Rica'),
(51, 'Croatia'),
(52, 'Cuba'),
(53, 'Curacao'),
(54, 'Cyprus'),
(55, 'Czech Republic'),
(56, 'Democratic Republic of the Congo'),
(57, 'Denmark'),
(58, 'Djibouti'),
(59, 'Dominica'),
(60, 'Dominican Republic'),
(61, 'East Timor'),
(62, 'Ecuador'),
(63, 'Egypt'),
(64, 'El Salvador'),
(65, 'Equatorial Guinea'),
(66, 'Eritrea'),
(67, 'Estonia'),
(68, 'Ethiopia'),
(69, 'Falkland Islands'),
(70, 'Faroe Islands'),
(71, 'Fiji'),
(72, 'Finland'),
(73, 'France'),
(74, 'French Polynesia'),
(75, 'Gabon'),
(76, 'Gambia'),
(77, 'Georgia'),
(78, 'Germany'),
(79, 'Ghana'),
(80, 'Gibraltar'),
(81, 'Greece'),
(82, 'Greenland'),
(83, 'Grenada'),
(84, 'Guam'),
(85, 'Guatemala'),
(86, 'Guernsey'),
(87, 'Guinea'),
(88, 'Guinea-Bissau'),
(89, 'Guyana'),
(90, 'Haiti'),
(91, 'Honduras'),
(92, 'Hong Kong'),
(93, 'Hungary'),
(94, 'Iceland'),
(95, 'India'),
(96, 'Indonesia'),
(97, 'Iran'),
(98, 'Iraq'),
(99, 'Ireland'),
(100, 'Isle of Man'),
(101, 'Israel'),
(102, 'Italy'),
(103, 'Ivory Coast'),
(104, 'Jamaica'),
(105, 'Japan'),
(106, 'Jersey'),
(107, 'Jordan'),
(108, 'Kazakhstan'),
(109, 'Kenya'),
(110, 'Kiribati'),
(111, 'Kosovo'),
(112, 'Kuwait'),
(113, 'Kyrgyzstan'),
(114, 'Laos'),
(115, 'Latvia'),
(116, 'Lebanon'),
(117, 'Lesotho'),
(118, 'Liberia'),
(119, 'Libya'),
(120, 'Liechtenstein'),
(121, 'Lithuania'),
(122, 'Luxembourg'),
(123, 'Macau'),
(124, 'Macedonia'),
(125, 'Madagascar'),
(126, 'Malawi'),
(127, 'Malaysia'),
(128, 'Maldives'),
(129, 'Mali'),
(130, 'Malta'),
(131, 'Marshall Islands'),
(132, 'Mauritania'),
(133, 'Mauritius'),
(134, 'Mayotte'),
(135, 'Mexico'),
(136, 'Micronesia'),
(137, 'Moldova'),
(138, 'Monaco'),
(139, 'Mongolia'),
(140, 'Montenegro'),
(141, 'Montserrat'),
(142, 'Morocco'),
(143, 'Mozambique'),
(144, 'Myanmar'),
(145, 'Namibia'),
(146, 'Nauru'),
(147, 'Nepal'),
(148, 'Netherlands'),
(149, 'Netherlands Antilles'),
(150, 'New Caledonia'),
(151, 'New Zealand'),
(152, 'Nicaragua'),
(153, 'Niger'),
(154, 'Nigeria'),
(155, 'Niue'),
(156, 'North Korea'),
(157, 'Northern Mariana Islands'),
(158, 'Norway'),
(159, 'Oman'),
(160, 'Pakistan'),
(161, 'Palau'),
(162, 'Palestine'),
(163, 'Panama'),
(164, 'Papua New Guinea'),
(165, 'Paraguay'),
(166, 'Peru'),
(167, 'Philippines'),
(168, 'Pitcairn'),
(169, 'Poland'),
(170, 'Portugal'),
(171, 'Puerto Rico'),
(172, 'Qatar'),
(173, 'Republic of the Congo'),
(174, 'Reunion'),
(175, 'Romania'),
(176, 'Russia'),
(177, 'Rwanda'),
(178, 'Saint Barthelemy'),
(179, 'Saint Helena'),
(180, 'Saint Kitts and Nevis'),
(181, 'Saint Lucia'),
(182, 'Saint Martin'),
(183, 'Saint Pierre and Miquelon'),
(184, 'Saint Vincent and the Grenadines'),
(185, 'Samoa'),
(186, 'San Marino'),
(187, 'Sao Tome and Principe'),
(188, 'Saudi Arabia'),
(189, 'Senegal'),
(190, 'Serbia'),
(191, 'Seychelles'),
(192, 'Sierra Leone'),
(193, 'Singapore'),
(194, 'Sint Maarten'),
(195, 'Slovakia'),
(196, 'Slovenia'),
(197, 'Solomon Islands'),
(198, 'Somalia'),
(199, 'South Africa'),
(200, 'South Korea'),
(201, 'South Sudan'),
(202, 'Spain'),
(203, 'Sri Lanka'),
(204, 'Sudan'),
(205, 'Suriname'),
(206, 'Svalbard and Jan Mayen'),
(207, 'Swaziland'),
(208, 'Sweden'),
(209, 'Switzerland'),
(210, 'Syria'),
(211, 'Taiwan'),
(212, 'Tajikistan'),
(213, 'Tanzania'),
(214, 'Thailand'),
(215, 'Togo'),
(216, 'Tokelau'),
(217, 'Tonga'),
(218, 'Trinidad and Tobago'),
(219, 'Tunisia'),
(220, 'Turkey'),
(221, 'Turkmenistan'),
(222, 'Turks and Caicos Islands'),
(223, 'Tuvalu'),
(224, 'U.S. Virgin Islands'),
(225, 'Uganda'),
(226, 'Ukraine'),
(227, 'United Arab Emirates'),
(228, 'United Kingdom'),
(229, 'United States'),
(230, 'Uruguay'),
(231, 'Uzbekistan'),
(232, 'Vanuatu'),
(233, 'Vatican'),
(234, 'Venezuela'),
(235, 'Vietnam'),
(236, 'Wallis and Futuna'),
(237, 'Western Sahara'),
(238, 'Yemen'),
(239, 'Zambia'),
(240, 'Zimbabwe');

-- --------------------------------------------------------

--
-- Table structure for table `tbl_element`
--

CREATE TABLE IF NOT EXISTS `tbl_element` (
  `element_id` int(10) unsigned NOT NULL,
  `template_id` int(11) NOT NULL,
  `element_parent_id` int(11) NOT NULL DEFAULT '0',
  `user_id` int(11) NOT NULL,
  `tag_type` varchar(20) NOT NULL,
  `tag_name` varchar(255) NOT NULL,
  `note` varchar(20) NOT NULL,
  `order_num` tinyint(4) unsigned NOT NULL DEFAULT '0',
  `create_time` timestamp NOT NULL DEFAULT CURRENT_TIMESTAMP,
  `update_time` timestamp NOT NULL DEFAULT '0000-00-00 00:00:00',
  `status` tinyint(1) NOT NULL DEFAULT '0',
  PRIMARY KEY (`element_id`,`template_id`)
) ENGINE=InnoDB DEFAULT CHARSET=utf8;

--
-- Dumping data for table `tbl_element`
--

INSERT INTO `tbl_element` (`element_id`, `template_id`, `element_parent_id`, `user_id`, `tag_type`, `tag_name`, `note`, `order_num`, `create_time`, `update_time`, `status`) VALUES
(1, 1, 0, 1, 'div', 'mns_name01', '', 0, '2017-04-05 19:01:49', '2017-04-05 19:01:49', 0),
(1, 20, 0, 1, 'img', 'up_bg01', '1280, 720', 0, '2017-03-27 13:25:59', '2017-03-27 13:25:59', 0),
(1, 22, 0, 1, 'img', 'up_bg01', '1280, 720', 0, '2017-03-30 20:45:40', '2017-03-30 20:45:40', 0),
(1, 23, 0, 1, 'img', 'up_bg01', '56, 117', 0, '2017-03-31 13:59:47', '2017-03-31 13:59:47', 0),
(1, 28, 0, 1, 'img', 'up_bg01', '640, 180', 0, '2017-04-03 19:42:38', '2017-04-03 19:42:38', 0),
(1, 29, 0, 1, 'img', 'up_bg01', '720, 1280', 0, '2017-03-31 14:05:26', '2017-03-31 14:05:26', 0),
(1, 34, 0, 1, 'marquee', 'mns_name_company01', '', 0, '2017-03-24 20:26:10', '2017-03-24 20:26:10', 0),
(1, 35, 0, 1, 'img', 'up_bg01', '131, 62', 0, '2017-03-31 13:32:09', '2017-03-31 13:32:09', 0),
(1, 37, 0, 1, 'img', 'up_bg01', '1280, 720', 0, '2017-03-30 18:48:34', '2017-03-30 18:48:34', 0),
(1, 45, 0, 1, 'img', 'up_bg01', '720, 1280', 0, '2017-03-24 21:22:11', '2017-03-24 21:22:11', 0),
(1, 46, 0, 1, 'img', 'up_bg01', '118, 60', 0, '2017-03-27 13:50:18', '2017-03-27 13:50:18', 0),
(1, 53, 0, 1, 'p', 'mns_name01', '', 0, '2017-03-24 21:17:59', '2017-03-24 21:17:59', 0),
(1, 63, 0, 1, 'img', 'up_bg', '1280, 720', 0, '2017-03-27 18:59:32', '2017-03-27 18:59:32', 0),
(3, 1, 0, 1, 'span', 'mns_price01', '', 0, '2017-04-05 19:01:49', '2017-04-05 19:01:49', 0),
(3, 20, 0, 1, 'td', 'mns_name01', '', 0, '2017-03-27 13:25:59', '2017-03-27 13:25:59', 0),
(3, 22, 0, 1, 'p', 'mns_name01', '', 0, '2017-03-30 20:45:40', '2017-03-30 20:45:40', 0),
(3, 23, 0, 1, 'p', 'mns_logo01', '', 0, '2017-03-31 13:59:47', '2017-03-31 13:59:47', 0),
(3, 28, 0, 1, 'p', 'mns_price01', '', 0, '2017-04-03 19:42:38', '2017-04-03 19:42:38', 0),
(3, 29, 0, 1, 'img', 'up_bg02', '720, 1280', 0, '2017-03-31 14:05:26', '2017-03-31 14:05:26', 0),
(3, 34, 0, 1, 'p', 'mns_menu01', '', 0, '2017-03-24 20:26:10', '2017-03-24 20:26:10', 0),
(3, 35, 0, 1, 'p', 'mns_namecompany01', '', 0, '2017-03-31 13:32:09', '2017-03-31 13:32:09', 0),
(3, 37, 0, 1, 'img', 'up_bg02', '1280, 720', 0, '2017-03-30 18:48:34', '2017-03-30 18:48:34', 0),
(3, 45, 0, 1, 'img', 'up_bg02', '720, 1280', 0, '2017-03-24 21:22:11', '2017-03-24 21:22:11', 0),
(3, 46, 0, 1, 'img', 'up_bg11', '720, 420', 0, '2017-03-27 13:50:18', '2017-03-27 13:50:18', 0),
(3, 53, 0, 1, 'p', 'mns_price01', '', 0, '2017-03-24 21:17:59', '2017-03-24 21:17:59', 0),
(3, 63, 0, 1, 'img', 'up_logo', '62, 65', 0, '2017-03-27 18:59:32', '2017-03-27 18:59:32', 0),
(5, 1, 0, 1, 'img', 'up_bg01', '320, 440', 0, '2017-04-05 19:01:49', '2017-04-05 19:01:49', 0),
(5, 20, 0, 1, 'td', 'mns_price01', '', 0, '2017-03-27 13:25:59', '2017-03-27 13:25:59', 0),
(5, 22, 0, 1, 'span', 'mns_price01', '', 0, '2017-03-30 20:45:40', '2017-03-30 20:45:40', 0),
(5, 23, 0, 1, 'p', 'mns_logo02', '', 0, '2017-03-31 13:59:47', '2017-03-31 13:59:47', 0),
(5, 28, 0, 1, 'p', 'mns_name01', '', 0, '2017-04-03 19:42:38', '2017-04-03 19:42:38', 0),
(5, 29, 0, 1, 'img', 'up_bg11', '151, 76', 0, '2017-03-31 14:05:26', '2017-03-31 14:05:26', 0),
(5, 34, 0, 1, 'span', 'mns_size_pizza01', '', 0, '2017-03-24 20:26:10', '2017-03-24 20:26:10', 0),
(5, 35, 0, 1, 'p', 'mns_slogan01', '', 0, '2017-03-31 13:32:09', '2017-03-31 13:32:09', 0),
(5, 37, 0, 1, 'img', 'up_logo01', '272, 69', 0, '2017-03-30 18:48:34', '2017-03-30 18:48:34', 0),
(5, 45, 0, 1, 'img', 'up_bg03', '720, 1280', 0, '2017-03-24 21:22:11', '2017-03-24 21:22:11', 0),
(5, 46, 0, 1, 'img', 'up_bg12', '720, 420', 0, '2017-03-27 13:50:18', '2017-03-27 13:50:18', 0),
(5, 53, 0, 1, 'p', 'mns_name11', '', 0, '2017-03-24 21:17:59', '2017-03-24 21:17:59', 0),
(5, 63, 0, 1, 'p', 'mns_brand', '', 0, '2017-03-27 18:59:32', '2017-03-27 18:59:32', 0),
(7, 1, 0, 1, 'img', 'up_bg11', '320, 440', 0, '2017-04-05 19:01:49', '2017-04-05 19:01:49', 0),
(7, 20, 0, 1, 'td', 'mns_price11', '', 0, '2017-03-27 13:25:59', '2017-03-27 13:25:59', 0),
(7, 22, 0, 1, 'p', 'mns_price11', '', 0, '2017-03-30 20:45:40', '2017-03-30 20:45:40', 0),
(7, 23, 0, 1, 'p', 'mns_name01', '', 0, '2017-03-31 13:59:47', '2017-03-31 13:59:47', 0),
(7, 28, 0, 1, 'img', 'up_bg02', '640, 180', 0, '2017-04-03 19:42:38', '2017-04-03 19:42:38', 0),
(7, 29, 0, 1, 'p', 'mns_name01', '', 0, '2017-03-31 14:05:26', '2017-03-31 14:05:26', 0),
(7, 34, 0, 1, 'span', 'mns_size_pizza02', '', 0, '2017-03-24 20:26:10', '2017-03-24 20:26:10', 0),
(7, 35, 0, 1, 'p', 'mns_yoga01', '', 0, '2017-03-31 13:32:09', '2017-03-31 13:32:09', 0),
(7, 37, 0, 1, 'p', 'mns_name01', '', 0, '2017-03-30 18:48:34', '2017-03-30 18:48:34', 0),
(7, 45, 0, 1, 'img', 'up_bg11', '151, 76', 0, '2017-03-24 21:22:11', '2017-03-24 21:22:11', 0),
(7, 46, 0, 1, 'p', 'mns_price01', '', 0, '2017-03-27 13:50:18', '2017-03-27 13:50:18', 0),
(7, 53, 0, 1, 'p', 'mns_price11', '', 0, '2017-03-24 21:17:59', '2017-03-24 21:17:59', 0),
(7, 63, 0, 1, 'p', 'mns_time', '', 0, '2017-03-27 18:59:32', '2017-03-27 18:59:32', 0),
(9, 1, 0, 1, 'div', 'mns_name02', '', 0, '2017-04-05 19:01:49', '2017-04-05 19:01:49', 0),
(9, 20, 0, 1, 'td', 'mns_name02', '', 0, '2017-03-27 13:25:59', '2017-03-27 13:25:59', 0),
(9, 22, 0, 1, 'img', 'up_bg02', '1280, 720', 0, '2017-03-30 20:45:40', '2017-03-30 20:45:40', 0),
(9, 23, 0, 1, 'p', 'mns_price01', '', 0, '2017-03-31 13:59:47', '2017-03-31 13:59:47', 0),
(9, 28, 0, 1, 'p', 'mns_price02', '', 0, '2017-04-03 19:42:38', '2017-04-03 19:42:38', 0),
(9, 29, 0, 1, 'p', 'mns_name02', '', 0, '2017-03-31 14:05:26', '2017-03-31 14:05:26', 0),
(9, 34, 0, 1, 'p', 'mns_name01', '', 0, '2017-03-24 20:26:10', '2017-03-24 20:26:10', 0),
(9, 35, 0, 1, 'p', 'mns_nameyoga01', '', 0, '2017-03-31 13:32:09', '2017-03-31 13:32:09', 0),
(9, 37, 0, 1, 'p', 'mns_name02', '', 0, '2017-03-30 18:48:34', '2017-03-30 18:48:34', 0),
(9, 45, 0, 1, 'p', 'mns_name01', '', 0, '2017-03-24 21:22:11', '2017-03-24 21:22:11', 0),
(9, 46, 0, 1, 'p', 'mns_price11', '', 0, '2017-03-27 13:50:18', '2017-03-27 13:50:18', 0),
(9, 53, 0, 1, 'p', 'mns_name21', '', 0, '2017-03-24 21:18:00', '2017-03-24 21:18:00', 0),
(9, 63, 0, 1, 'img', 'up_thumb1', '376, 223', 0, '2017-03-27 18:59:32', '2017-03-27 18:59:32', 0),
(11, 1, 0, 1, 'span', 'mns_price02', '', 0, '2017-04-05 19:01:49', '2017-04-05 19:01:49', 0),
(11, 20, 0, 1, 'td', 'mns_price02', '', 0, '2017-03-27 13:25:59', '2017-03-27 13:25:59', 0),
(11, 22, 0, 1, 'p', 'mns_name02', '', 0, '2017-03-30 20:45:40', '2017-03-30 20:45:40', 0),
(11, 23, 0, 1, 'p', 'mns_name02', '', 0, '2017-03-31 13:59:47', '2017-03-31 13:59:47', 0),
(11, 28, 0, 1, 'p', 'mns_name02', '', 0, '2017-04-03 19:42:38', '2017-04-03 19:42:38', 0),
(11, 29, 0, 1, 'p', 'mns_price01', '', 0, '2017-03-31 14:05:26', '2017-03-31 14:05:26', 0),
(11, 34, 0, 1, 'p', 'mns_price01', '', 0, '2017-03-24 20:26:10', '2017-03-24 20:26:10', 0),
(11, 35, 0, 1, 'p', 'mns_yoga02', '', 0, '2017-03-31 13:32:09', '2017-03-31 13:32:09', 0),
(11, 37, 0, 1, 'p', 'mns_price01', '', 0, '2017-03-30 18:48:34', '2017-03-30 18:48:34', 0),
(11, 45, 0, 1, 'p', 'mns_name02', '', 0, '2017-03-24 21:22:11', '2017-03-24 21:22:11', 0),
(11, 46, 0, 1, 'p', 'mns_name01', '', 0, '2017-03-27 13:50:18', '2017-03-27 13:50:18', 0),
(11, 53, 0, 1, 'p', 'mns_price21', '', 0, '2017-03-24 21:18:00', '2017-03-24 21:18:00', 0),
(11, 63, 0, 1, 'h1', 'mns_submenu1', '', 0, '2017-03-27 18:59:32', '2017-03-27 18:59:32', 0),
(13, 1, 0, 1, 'img', 'up_bg02', '320, 440', 0, '2017-04-05 19:01:49', '2017-04-05 19:01:49', 0),
(13, 20, 0, 1, 'td', 'mns_price12', '', 0, '2017-03-27 13:25:59', '2017-03-27 13:25:59', 0),
(13, 22, 0, 1, 'span', 'mns_price02', '', 0, '2017-03-30 20:45:40', '2017-03-30 20:45:40', 0),
(13, 23, 0, 1, 'p', 'mns_price02', '', 0, '2017-03-31 13:59:47', '2017-03-31 13:59:47', 0),
(13, 28, 0, 1, 'img', 'up_bg03', '640, 180', 0, '2017-04-03 19:42:38', '2017-04-03 19:42:38', 0),
(13, 29, 0, 1, 'p', 'mns_price02', '', 0, '2017-03-31 14:05:26', '2017-03-31 14:05:26', 0),
(13, 34, 0, 1, 'p', 'mns_price11', '', 0, '2017-03-24 20:26:10', '2017-03-24 20:26:10', 0),
(13, 35, 0, 1, 'p', 'mns_nameyoga02', '', 0, '2017-03-31 13:32:09', '2017-03-31 13:32:09', 0),
(13, 45, 0, 1, 'p', 'mns_name03', '', 0, '2017-03-24 21:22:11', '2017-03-24 21:22:11', 0),
(13, 46, 0, 1, 'p', 'mns_name11', '', 0, '2017-03-27 13:50:18', '2017-03-27 13:50:18', 0),
(13, 53, 0, 1, 'p', 'mns_name31', '', 0, '2017-03-24 21:18:00', '2017-03-24 21:18:00', 0),
(13, 63, 0, 1, 'p', 'mns_sub1_item1', '', 0, '2017-03-27 18:59:32', '2017-03-27 18:59:32', 0),
(15, 1, 0, 1, 'img', 'up_bg12', '320, 440', 0, '2017-04-05 19:01:49', '2017-04-05 19:01:49', 0),
(15, 20, 0, 1, 'td', 'mns_name03', '', 0, '2017-03-27 13:25:59', '2017-03-27 13:25:59', 0),
(15, 22, 0, 1, 'p', 'mns_price12', '', 0, '2017-03-30 20:45:40', '2017-03-30 20:45:40', 0),
(15, 23, 0, 1, 'img', 'up_bg11', '720, 1280', 0, '2017-03-31 13:59:47', '2017-03-31 13:59:47', 0),
(15, 28, 0, 1, 'p', 'mns_price03', '', 0, '2017-04-03 19:42:38', '2017-04-03 19:42:38', 0),
(15, 34, 0, 1, 'p', 'mns_name02', '', 0, '2017-03-24 20:26:10', '2017-03-24 20:26:10', 0),
(15, 35, 0, 1, 'p', 'mns_yoga03', '', 0, '2017-03-31 13:32:09', '2017-03-31 13:32:09', 0),
(15, 45, 0, 1, 'p', 'mns_price01', '', 0, '2017-03-24 21:22:11', '2017-03-24 21:22:11', 0),
(15, 46, 0, 1, 'p', 'mns_goldtime01', '', 0, '2017-03-27 13:50:18', '2017-03-27 13:50:18', 0),
(15, 53, 0, 1, 'p', 'mns_price31', '', 0, '2017-03-24 21:18:00', '2017-03-24 21:18:00', 0),
(15, 63, 0, 1, 'p', 'mns_sub1_price1', '', 0, '2017-03-27 18:59:32', '2017-03-27 18:59:32', 0),
(17, 1, 0, 1, 'div', 'mns_name03', '', 0, '2017-04-05 19:01:49', '2017-04-05 19:01:49', 0),
(17, 20, 0, 1, 'td', 'mns_price03', '', 0, '2017-03-27 13:25:59', '2017-03-27 13:25:59', 0),
(17, 23, 0, 1, 'img', 'up_bg12', '720, 1280', 0, '2017-03-31 13:59:47', '2017-03-31 13:59:47', 0),
(17, 28, 0, 1, 'p', 'mns_name03', '', 0, '2017-04-03 19:42:38', '2017-04-03 19:42:38', 0),
(17, 34, 0, 1, 'p', 'mns_price02', '', 0, '2017-03-24 20:26:10', '2017-03-24 20:26:10', 0),
(17, 35, 0, 1, 'p', 'mns_nameyoga03', '', 0, '2017-03-31 13:32:09', '2017-03-31 13:32:09', 0),
(17, 45, 0, 1, 'p', 'mns_price02', '', 0, '2017-03-24 21:22:11', '2017-03-24 21:22:11', 0),
(17, 46, 0, 1, 'p', 'mns_time01', '', 0, '2017-03-27 13:50:18', '2017-03-27 13:50:18', 0),
(17, 53, 0, 1, 'img', 'up_bg01', '374, 268', 0, '2017-03-24 21:18:00', '2017-03-24 21:18:00', 0),
(17, 63, 0, 1, 'p', 'mns_sub1_item2', '', 0, '2017-03-27 18:59:32', '2017-03-27 18:59:32', 0),
(19, 1, 0, 1, 'span', 'mns_price03', '', 0, '2017-04-05 19:01:49', '2017-04-05 19:01:49', 0),
(19, 20, 0, 1, 'td', 'mns_price13', '', 0, '2017-03-27 13:25:59', '2017-03-27 13:25:59', 0),
(19, 28, 0, 1, 'img', 'up_bg04', '640, 180', 0, '2017-04-03 19:42:38', '2017-04-03 19:42:38', 0),
(19, 34, 0, 1, 'p', 'mns_price12', '', 0, '2017-03-24 20:26:10', '2017-03-24 20:26:10', 0),
(19, 35, 0, 1, 'p', 'mns_yoga04', '', 0, '2017-03-31 13:32:09', '2017-03-31 13:32:09', 0),
(19, 45, 0, 1, 'p', 'mns_price03', '', 0, '2017-03-24 21:22:11', '2017-03-24 21:22:11', 0),
(19, 46, 0, 1, 'span', 'mns_sale01', '', 0, '2017-03-27 13:50:18', '2017-03-27 13:50:18', 0),
(19, 53, 0, 1, 'img', 'up_bg11', '374, 268', 0, '2017-03-24 21:18:00', '2017-03-24 21:18:00', 0),
(19, 63, 0, 1, 'p', 'mns_sub1_price2', '', 0, '2017-03-27 18:59:32', '2017-03-27 18:59:32', 0),
(21, 1, 0, 1, 'img', 'up_bg03', '320, 440', 0, '2017-04-05 19:01:49', '2017-04-05 19:01:49', 0),
(21, 20, 0, 1, 'td', 'mns_name04', '', 0, '2017-03-27 13:25:59', '2017-03-27 13:25:59', 0),
(21, 28, 0, 1, 'p', 'mns_price04', '', 0, '2017-04-03 19:42:38', '2017-04-03 19:42:38', 0),
(21, 34, 0, 1, 'p', 'mns_name03', '', 0, '2017-03-24 20:26:10', '2017-03-24 20:26:10', 0),
(21, 35, 0, 1, 'p', 'mns_nameyoga04', '', 0, '2017-03-31 13:32:09', '2017-03-31 13:32:09', 0),
(21, 46, 0, 1, 'p', 'mns_all01', '', 0, '2017-03-27 13:50:18', '2017-03-27 13:50:18', 0),
(21, 53, 0, 1, 'p', 'mns_menu01', '', 0, '2017-03-24 21:18:00', '2017-03-24 21:18:00', 0),
(21, 63, 0, 1, 'p', 'mns_sub1_item3', '', 0, '2017-03-27 18:59:32', '2017-03-27 18:59:32', 0),
(23, 1, 0, 1, 'img', 'up_bg13', '320, 440', 0, '2017-04-05 19:01:49', '2017-04-05 19:01:49', 0),
(23, 20, 0, 1, 'td', 'mns_price04', '', 0, '2017-03-27 13:25:59', '2017-03-27 13:25:59', 0),
(23, 28, 0, 1, 'p', 'mns_name04', '', 0, '2017-04-03 19:42:38', '2017-04-03 19:42:38', 0),
(23, 34, 0, 1, 'p', 'mns_price03', '', 0, '2017-03-24 20:26:10', '2017-03-24 20:26:10', 0),
(23, 35, 0, 1, 'p', 'mns_yoga05', '', 0, '2017-03-31 13:32:09', '2017-03-31 13:32:09', 0),
(23, 46, 0, 1, 'img', 'up_bg21', '720, 420', 0, '2017-03-27 13:50:18', '2017-03-27 13:50:18', 0),
(23, 53, 0, 1, 'img', 'up_bg02', '374, 268', 0, '2017-03-24 21:18:00', '2017-03-24 21:18:00', 0),
(23, 63, 0, 1, 'p', 'mns_sub1_price3', '', 0, '2017-03-27 18:59:32', '2017-03-27 18:59:32', 0),
(25, 1, 0, 1, 'div', 'mns_name04', '', 0, '2017-04-05 19:01:49', '2017-04-05 19:01:49', 0),
(25, 20, 0, 1, 'td', 'mns_price14', '', 0, '2017-03-27 13:25:59', '2017-03-27 13:25:59', 0),
(25, 28, 0, 1, 'img', 'up_bg11', '640, 180', 0, '2017-04-03 19:42:38', '2017-04-03 19:42:38', 0),
(25, 34, 0, 1, 'p', 'mns_price13', '', 0, '2017-03-24 20:26:10', '2017-03-24 20:26:10', 0),
(25, 35, 0, 1, 'p', 'mns_nameyoga05', '', 0, '2017-03-31 13:32:09', '2017-03-31 13:32:09', 0),
(25, 46, 0, 1, 'img', 'up_bg22', '720, 420', 0, '2017-03-27 13:50:18', '2017-03-27 13:50:18', 0),
(25, 53, 0, 1, 'img', 'up_bg12', '374, 268', 0, '2017-03-24 21:18:00', '2017-03-24 21:18:00', 0),
(25, 63, 0, 1, 'p', 'mns_sub1_item4', '', 0, '2017-03-27 18:59:32', '2017-03-27 18:59:32', 0),
(27, 1, 0, 1, 'span', 'mns_price04', '', 0, '2017-04-05 19:01:49', '2017-04-05 19:01:49', 0),
(27, 20, 0, 1, 'td', 'mns_name05', '', 0, '2017-03-27 13:25:59', '2017-03-27 13:25:59', 0),
(27, 28, 0, 1, 'p', 'mns_price11', '', 0, '2017-04-03 19:42:38', '2017-04-03 19:42:38', 0),
(27, 34, 0, 1, 'p', 'mns_name04', '', 0, '2017-03-24 20:26:10', '2017-03-24 20:26:10', 0),
(27, 35, 0, 1, 'span', 'mns_website01', '', 0, '2017-03-31 13:32:09', '2017-03-31 13:32:09', 0),
(27, 46, 0, 1, 'img', 'up_bg02', '118, 60', 0, '2017-03-27 13:50:18', '2017-03-27 13:50:18', 0),
(27, 53, 0, 1, 'p', 'mns_menu02', '', 0, '2017-03-24 21:18:00', '2017-03-24 21:18:00', 0),
(27, 63, 0, 1, 'p', 'mns_sub1_price4', '', 0, '2017-03-27 18:59:32', '2017-03-27 18:59:32', 0),
(29, 1, 0, 1, 'img', 'up_bg04', '320, 440', 0, '2017-04-05 19:01:49', '2017-04-05 19:01:49', 0),
(29, 20, 0, 1, 'td', 'mns_price05', '', 0, '2017-03-27 13:25:59', '2017-03-27 13:25:59', 0),
(29, 28, 0, 1, 'p', 'mns_name11', '', 0, '2017-04-03 19:42:38', '2017-04-03 19:42:38', 0),
(29, 34, 0, 1, 'p', 'mns_price04', '', 0, '2017-03-24 20:26:10', '2017-03-24 20:26:10', 0),
(29, 35, 0, 1, 'span', 'mns_phone01', '', 0, '2017-03-31 13:32:09', '2017-03-31 13:32:09', 0),
(29, 46, 0, 1, 'p', 'mns_price02', '', 0, '2017-03-27 13:50:18', '2017-03-27 13:50:18', 0),
(29, 53, 0, 1, 'p', 'mns_name02', '', 0, '2017-03-24 21:18:00', '2017-03-24 21:18:00', 0),
(29, 63, 0, 1, 'img', 'up_thumb2', '376, 223', 0, '2017-03-27 18:59:32', '2017-03-27 18:59:32', 0),
(31, 1, 0, 1, 'img', 'up_bg14', '320, 440', 0, '2017-04-05 19:01:49', '2017-04-05 19:01:49', 0),
(31, 20, 0, 1, 'td', 'mns_price15', '', 0, '2017-03-27 13:25:59', '2017-03-27 13:25:59', 0),
(31, 28, 0, 1, 'img', 'up_bg12', '640, 180', 0, '2017-04-03 19:42:38', '2017-04-03 19:42:38', 0),
(31, 34, 0, 1, 'p', 'mns_price14', '', 0, '2017-03-24 20:26:10', '2017-03-24 20:26:10', 0),
(31, 35, 0, 1, 'img', 'up_bg11', '640, 720', 0, '2017-03-31 13:32:09', '2017-03-31 13:32:09', 0),
(31, 46, 0, 1, 'p', 'mns_price12', '', 0, '2017-03-27 13:50:18', '2017-03-27 13:50:18', 0),
(31, 53, 0, 1, 'p', 'mns_price02', '', 0, '2017-03-24 21:18:00', '2017-03-24 21:18:00', 0),
(31, 63, 0, 1, 'h1', 'mns_submenu2', '', 0, '2017-03-27 18:59:32', '2017-03-27 18:59:32', 0),
(33, 1, 0, 1, 'marquee', 'mns_phone01', '', 0, '2017-04-05 19:01:49', '2017-04-05 19:01:49', 0),
(33, 20, 0, 1, 'td', 'mns_name06', '', 0, '2017-03-27 13:25:59', '2017-03-27 13:25:59', 0),
(33, 28, 0, 1, 'p', 'mns_price12', '', 0, '2017-04-03 19:42:38', '2017-04-03 19:42:38', 0),
(33, 34, 0, 1, 'p', 'mns_name05', '', 0, '2017-03-24 20:26:10', '2017-03-24 20:26:10', 0),
(33, 35, 0, 1, 'img', 'up_bg12', '640, 720', 0, '2017-03-31 13:32:09', '2017-03-31 13:32:09', 0),
(33, 46, 0, 1, 'p', 'mns_name02', '', 0, '2017-03-27 13:50:18', '2017-03-27 13:50:18', 0),
(33, 53, 0, 1, 'p', 'mns_name12', '', 0, '2017-03-24 21:18:00', '2017-03-24 21:18:00', 0),
(33, 63, 0, 1, 'p', 'mns_sub2_item1', '', 0, '2017-03-27 18:59:32', '2017-03-27 18:59:32', 0),
(35, 1, 0, 1, 'div', 'mns_name05', '', 0, '2017-04-05 19:01:49', '2017-04-05 19:01:49', 0),
(35, 20, 0, 1, 'td', 'mns_price06', '', 0, '2017-03-27 13:25:59', '2017-03-27 13:25:59', 0),
(35, 28, 0, 1, 'p', 'mns_name12', '', 0, '2017-04-03 19:42:38', '2017-04-03 19:42:38', 0),
(35, 34, 0, 1, 'p', 'mns_price05', '', 0, '2017-03-24 20:26:10', '2017-03-24 20:26:10', 0),
(35, 35, 0, 1, 'img', 'up_bg13', '640, 720', 0, '2017-03-31 13:32:09', '2017-03-31 13:32:09', 0),
(35, 46, 0, 1, 'p', 'mns_name12', '', 0, '2017-03-27 13:50:18', '2017-03-27 13:50:18', 0),
(35, 53, 0, 1, 'p', 'mns_price12', '', 0, '2017-03-24 21:18:00', '2017-03-24 21:18:00', 0),
(35, 63, 0, 1, 'p', 'mns_sub2_price1', '', 0, '2017-03-27 18:59:32', '2017-03-27 18:59:32', 0),
(37, 1, 0, 1, 'span', 'mns_price05', '', 0, '2017-04-05 19:01:49', '2017-04-05 19:01:49', 0),
(37, 20, 0, 1, 'td', 'mns_price16', '', 0, '2017-03-27 13:25:59', '2017-03-27 13:25:59', 0),
(37, 28, 0, 1, 'img', 'up_bg13', '640, 180', 0, '2017-04-03 19:42:38', '2017-04-03 19:42:38', 0),
(37, 34, 0, 1, 'p', 'mns_price15', '', 0, '2017-03-24 20:26:10', '2017-03-24 20:26:10', 0),
(37, 35, 0, 1, 'img', 'up_bg14', '640, 720', 0, '2017-03-31 13:32:09', '2017-03-31 13:32:09', 0),
(37, 53, 0, 1, 'p', 'mns_name22', '', 0, '2017-03-24 21:18:00', '2017-03-24 21:18:00', 0),
(37, 63, 0, 1, 'p', 'mns_sub2_item2', '', 0, '2017-03-27 18:59:32', '2017-03-27 18:59:32', 0),
(39, 1, 0, 1, 'img', 'up_bg05', '239, 155', 0, '2017-04-05 19:01:49', '2017-04-05 19:01:49', 0),
(39, 20, 0, 1, 'td', 'mns_name07', '', 0, '2017-03-27 13:25:59', '2017-03-27 13:25:59', 0),
(39, 28, 0, 1, 'p', 'mns_price13', '', 0, '2017-04-03 19:42:38', '2017-04-03 19:42:38', 0),
(39, 34, 0, 1, 'p', 'mns_name06', '', 0, '2017-03-24 20:26:10', '2017-03-24 20:26:10', 0),
(39, 53, 0, 1, 'p', 'mns_price22', '', 0, '2017-03-24 21:18:00', '2017-03-24 21:18:00', 0),
(39, 63, 0, 1, 'p', 'mns_sub2_price2', '', 0, '2017-03-27 18:59:32', '2017-03-27 18:59:32', 0),
(41, 1, 0, 1, 'div', 'mns_name06', '', 0, '2017-04-05 19:01:49', '2017-04-05 19:01:49', 0),
(41, 20, 0, 1, 'td', 'mns_price07', '', 0, '2017-03-27 13:25:59', '2017-03-27 13:25:59', 0),
(41, 28, 0, 1, 'p', 'mns_name13', '', 0, '2017-04-03 19:42:38', '2017-04-03 19:42:38', 0),
(41, 34, 0, 1, 'p', 'mns_price06', '', 0, '2017-03-24 20:26:10', '2017-03-24 20:26:10', 0),
(41, 53, 0, 1, 'p', 'mns_name32', '', 0, '2017-03-24 21:18:00', '2017-03-24 21:18:00', 0),
(41, 63, 0, 1, 'p', 'mns_sub2_item3', '', 0, '2017-03-27 18:59:32', '2017-03-27 18:59:32', 0),
(43, 1, 0, 1, 'span', 'mns_price06', '', 0, '2017-04-05 19:01:49', '2017-04-05 19:01:49', 0),
(43, 20, 0, 1, 'td', 'mns_price17', '', 0, '2017-03-27 13:25:59', '2017-03-27 13:25:59', 0),
(43, 28, 0, 1, 'img', 'up_bg14', '640, 180', 0, '2017-04-03 19:42:38', '2017-04-03 19:42:38', 0),
(43, 34, 0, 1, 'p', 'mns_price16', '', 0, '2017-03-24 20:26:10', '2017-03-24 20:26:10', 0),
(43, 53, 0, 1, 'p', 'mns_price32', '', 0, '2017-03-24 21:18:00', '2017-03-24 21:18:00', 0),
(43, 63, 0, 1, 'p', 'mns_sub2_price3', '', 0, '2017-03-27 18:59:32', '2017-03-27 18:59:32', 0),
(45, 1, 0, 1, 'img', 'up_bg06', '239, 155', 0, '2017-04-05 19:01:49', '2017-04-05 19:01:49', 0),
(45, 20, 0, 1, 'td', 'mns_name08', '', 0, '2017-03-27 13:25:59', '2017-03-27 13:25:59', 0),
(45, 28, 0, 1, 'p', 'mns_price14', '', 0, '2017-04-03 19:42:38', '2017-04-03 19:42:38', 0),
(45, 34, 0, 1, 'img', 'up_bg01', '720, 320', 0, '2017-03-24 20:26:10', '2017-03-24 20:26:10', 0),
(45, 53, 0, 1, 'p', 'mns_name03', '', 0, '2017-03-24 21:18:00', '2017-03-24 21:18:00', 0),
(45, 63, 0, 1, 'p', 'mns_sub2_item4', '', 0, '2017-03-27 18:59:32', '2017-03-27 18:59:32', 0),
(47, 20, 0, 1, 'td', 'mns_price08', '', 0, '2017-03-27 13:25:59', '2017-03-27 13:25:59', 0),
(47, 28, 0, 1, 'p', 'mns_name14', '', 0, '2017-04-03 19:42:38', '2017-04-03 19:42:38', 0),
(47, 34, 0, 1, 'img', 'up_bg02', '720, 320', 0, '2017-03-24 20:26:10', '2017-03-24 20:26:10', 0),
(47, 53, 0, 1, 'p', 'mns_price03', '', 0, '2017-03-24 21:18:00', '2017-03-24 21:18:00', 0),
(47, 63, 0, 1, 'p', 'mns_sub2_price4', '', 0, '2017-03-27 18:59:32', '2017-03-27 18:59:32', 0),
(49, 20, 0, 1, 'td', 'mns_price18', '', 0, '2017-03-27 13:25:59', '2017-03-27 13:25:59', 0),
(49, 34, 0, 1, 'div', 'mns_phone01', '', 0, '2017-03-24 20:26:10', '2017-03-24 20:26:10', 0),
(49, 53, 0, 1, 'p', 'mns_name13', '', 0, '2017-03-24 21:18:00', '2017-03-24 21:18:00', 0),
(49, 63, 0, 1, 'img', 'up_thumb3', '376, 223', 0, '2017-03-27 18:59:32', '2017-03-27 18:59:32', 0),
(51, 20, 0, 1, 'img', 'up_bg02', '450, 720', 0, '2017-03-27 13:25:59', '2017-03-27 13:25:59', 0),
(51, 34, 0, 1, 'p', 'mns_sale01', '', 0, '2017-03-24 20:26:10', '2017-03-24 20:26:10', 0),
(51, 53, 0, 1, 'p', 'mns_price13', '', 0, '2017-03-24 21:18:00', '2017-03-24 21:18:00', 0),
(51, 63, 0, 1, 'h1', 'mns_submenu3', '', 0, '2017-03-27 18:59:32', '2017-03-27 18:59:32', 0),
(53, 20, 0, 1, 'p', 'mns_sale01', '', 0, '2017-03-27 13:25:59', '2017-03-27 13:25:59', 0),
(53, 34, 0, 1, 'p', 'mns_sale02', '', 0, '2017-03-24 20:26:10', '2017-03-24 20:26:10', 0),
(53, 53, 0, 1, 'p', 'mns_name23', '', 0, '2017-03-24 21:18:00', '2017-03-24 21:18:00', 0),
(53, 63, 0, 1, 'p', 'mns_sub3_item1', '', 0, '2017-03-27 18:59:32', '2017-03-27 18:59:32', 0),
(55, 20, 0, 1, 'p', 'mns_sale02', '', 0, '2017-03-27 13:25:59', '2017-03-27 13:25:59', 0),
(55, 53, 0, 1, 'p', 'mns_price23', '', 0, '2017-03-24 21:18:00', '2017-03-24 21:18:00', 0),
(55, 63, 0, 1, 'p', 'mns_sub3_price1', '', 0, '2017-03-27 18:59:32', '2017-03-27 18:59:32', 0),
(57, 20, 0, 1, 'img', 'up_bg03', '151, 386', 0, '2017-03-27 13:25:59', '2017-03-27 13:25:59', 0),
(57, 53, 0, 1, 'p', 'mns_name33', '', 0, '2017-03-24 21:18:00', '2017-03-24 21:18:00', 0),
(57, 63, 0, 1, 'p', 'mns_sub3_item2', '', 0, '2017-03-27 18:59:32', '2017-03-27 18:59:32', 0),
(59, 20, 0, 1, 'p', 'mns_sale03', '', 0, '2017-03-27 13:25:59', '2017-03-27 13:25:59', 0),
(59, 53, 0, 1, 'p', 'mns_price33', '', 0, '2017-03-24 21:18:00', '2017-03-24 21:18:00', 0),
(59, 63, 0, 1, 'p', 'mns_sub3_price2', '', 0, '2017-03-27 18:59:32', '2017-03-27 18:59:32', 0),
(61, 53, 0, 1, 'img', 'up_bg03', '374, 268', 0, '2017-03-24 21:18:00', '2017-03-24 21:18:00', 0),
(61, 63, 0, 1, 'p', 'mns_sub3_item3', '', 0, '2017-03-27 18:59:32', '2017-03-27 18:59:32', 0),
(63, 53, 0, 1, 'img', 'up_bg13', '374, 268', 0, '2017-03-24 21:18:00', '2017-03-24 21:18:00', 0),
(63, 63, 0, 1, 'p', 'mns_sub3_price3', '', 0, '2017-03-27 18:59:32', '2017-03-27 18:59:32', 0),
(65, 53, 0, 1, 'p', 'mns_menu03', '', 0, '2017-03-24 21:18:00', '2017-03-24 21:18:00', 0),
(65, 63, 0, 1, 'p', 'mns_sub3_item4', '', 0, '2017-03-27 18:59:32', '2017-03-27 18:59:32', 0),
(67, 53, 0, 1, 'img', 'up_logo01', '261, 68', 0, '2017-03-24 21:18:00', '2017-03-24 21:18:00', 0),
(67, 63, 0, 1, 'p', 'mns_sub3_price4', '', 0, '2017-03-27 18:59:32', '2017-03-27 18:59:32', 0),
(69, 53, 0, 1, 'span', 'mns_sale01', '', 0, '2017-03-24 21:18:00', '2017-03-24 21:18:00', 0),
(71, 53, 0, 1, 'span', 'mns_sale02', '', 0, '2017-03-24 21:18:00', '2017-03-24 21:18:00', 0),
(73, 53, 0, 1, 'span', 'mns_sale03', '', 0, '2017-03-24 21:18:00', '2017-03-24 21:18:00', 0),
(75, 53, 0, 1, 'p', 'mns_time01', '', 0, '2017-03-24 21:18:00', '2017-03-24 21:18:00', 0),
(77, 53, 0, 1, 'p', 'mns_time02', '', 0, '2017-03-24 21:18:00', '2017-03-24 21:18:00', 0);

-- --------------------------------------------------------

--
-- Table structure for table `tbl_element_detail`
--

CREATE TABLE IF NOT EXISTS `tbl_element_detail` (
  `element_detail_id` int(10) unsigned NOT NULL AUTO_INCREMENT,
  `template_id` int(11) NOT NULL,
  `element_id` int(11) NOT NULL,
  `element_parent_id` int(11) NOT NULL DEFAULT '0',
  `user_id` int(11) NOT NULL,
  `tag_type` varchar(20) NOT NULL,
  `tag_name` varchar(255) NOT NULL,
  `tag_data` varchar(1000) NOT NULL,
  `tag_show_name` varchar(255) NOT NULL,
  `note` varchar(20) NOT NULL,
  `order_num` tinyint(4) unsigned NOT NULL DEFAULT '0',
  `create_time` timestamp NOT NULL DEFAULT CURRENT_TIMESTAMP ON UPDATE CURRENT_TIMESTAMP,
  `update_time` timestamp NOT NULL DEFAULT '0000-00-00 00:00:00',
  `status` tinyint(1) NOT NULL DEFAULT '0',
  PRIMARY KEY (`element_detail_id`),
  UNIQUE KEY `element_detail_2` (`template_id`,`element_id`)
) ENGINE=InnoDB  DEFAULT CHARSET=utf8 AUTO_INCREMENT=467 ;

--
-- Dumping data for table `tbl_element_detail`
--

INSERT INTO `tbl_element_detail` (`element_detail_id`, `template_id`, `element_id`, `element_parent_id`, `user_id`, `tag_type`, `tag_name`, `tag_data`, `tag_show_name`, `note`, `order_num`, `create_time`, `update_time`, `status`) VALUES
(76, 34, 2, 0, 1, 'marquee', 'mns_name_company01', 'T&T PIZZA', '', '', 0, '2017-03-24 09:34:50', '0000-00-00 00:00:00', 0),
(77, 34, 4, 0, 1, 'p', 'mns_menu01', 'PIZZA', '', '', 0, '2017-03-24 09:34:50', '0000-00-00 00:00:00', 0),
(78, 34, 6, 0, 1, 'span', 'mns_size_pizza01', 'SMALL ', '', '', 0, '2017-03-24 09:34:50', '0000-00-00 00:00:00', 0),
(79, 34, 8, 0, 1, 'span', 'mns_size_pizza02', 'BIG ', '', '', 0, '2017-03-24 09:34:50', '0000-00-00 00:00:00', 0),
(80, 34, 10, 0, 1, 'p', 'mns_name01', 'Chicken BBQ', '', '', 0, '2017-03-24 09:34:50', '0000-00-00 00:00:00', 0),
(81, 34, 12, 0, 1, 'p', 'mns_price01', '$3.25', '', '', 0, '2017-03-24 09:34:50', '0000-00-00 00:00:00', 0),
(82, 34, 14, 0, 1, 'p', 'mns_price11', '$4.50', '', '', 0, '2017-03-24 09:34:50', '0000-00-00 00:00:00', 0),
(83, 34, 16, 0, 1, 'p', 'mns_name02', 'Fish', '', '', 0, '2017-03-24 09:34:50', '0000-00-00 00:00:00', 0),
(84, 34, 18, 0, 1, 'p', 'mns_price02', '$3.00', '', '', 0, '2017-03-24 09:34:50', '0000-00-00 00:00:00', 0),
(85, 34, 20, 0, 1, 'p', 'mns_price12', '$4.25', '', '', 0, '2017-03-24 09:34:50', '0000-00-00 00:00:00', 0),
(86, 34, 22, 0, 1, 'p', 'mns_name03', 'Hot dogs', '', '', 0, '2017-03-24 09:34:50', '0000-00-00 00:00:00', 0),
(87, 34, 24, 0, 1, 'p', 'mns_price03', '$2.80', '', '', 0, '2017-03-24 09:34:50', '0000-00-00 00:00:00', 0),
(88, 34, 26, 0, 1, 'p', 'mns_price13', '$4.00', '', '', 0, '2017-03-24 09:34:50', '0000-00-00 00:00:00', 0),
(89, 34, 28, 0, 1, 'p', 'mns_name04', 'Beef', '', '', 0, '2017-03-24 09:34:50', '0000-00-00 00:00:00', 0),
(90, 34, 30, 0, 1, 'p', 'mns_price04', '$3.50', '', '', 0, '2017-03-24 09:34:50', '0000-00-00 00:00:00', 0),
(91, 34, 32, 0, 1, 'p', 'mns_price14', '$4.75', '', '', 0, '2017-03-24 09:34:50', '0000-00-00 00:00:00', 0),
(92, 34, 34, 0, 1, 'p', 'mns_name05', 'Seafood', '', '', 0, '2017-03-24 09:34:50', '0000-00-00 00:00:00', 0),
(93, 34, 36, 0, 1, 'p', 'mns_price05', '$3.20', '', '', 0, '2017-03-24 09:34:50', '0000-00-00 00:00:00', 0),
(94, 34, 38, 0, 1, 'p', 'mns_price15', '$4.50', '', '', 0, '2017-03-24 09:34:50', '0000-00-00 00:00:00', 0),
(95, 34, 40, 0, 1, 'p', 'mns_name06', 'Double Cheese', '', '', 0, '2017-03-24 09:34:50', '0000-00-00 00:00:00', 0),
(96, 34, 42, 0, 1, 'p', 'mns_price06', '$2.80', '', '', 0, '2017-03-24 09:34:50', '0000-00-00 00:00:00', 0),
(97, 34, 44, 0, 1, 'p', 'mns_price16', '$4.00', '', '', 0, '2017-03-24 09:34:50', '0000-00-00 00:00:00', 0),
(98, 34, 46, 0, 1, 'img', 'up_bg01', 'images/images1.jpg', '', '720, 320', 0, '2017-03-24 09:34:50', '0000-00-00 00:00:00', 0),
(99, 34, 48, 0, 1, 'img', 'up_bg02', 'images/images2.jpg', '', '720, 320', 0, '2017-03-24 09:34:50', '0000-00-00 00:00:00', 0),
(100, 34, 50, 0, 1, 'div', 'mns_phone01', '083.821.3487', '', '', 0, '2017-03-24 09:34:50', '0000-00-00 00:00:00', 0),
(101, 34, 52, 0, 1, 'p', 'mns_sale01', 'FREE', '', '', 0, '2017-03-24 09:34:50', '0000-00-00 00:00:00', 0),
(102, 34, 54, 0, 1, 'p', 'mns_sale02', 'SHIPPING', '', '', 0, '2017-03-24 09:34:50', '0000-00-00 00:00:00', 0),
(143, 53, 2, 0, 1, 'p', 'mns_name01', 'Black Coffee', '', '', 0, '2017-03-24 10:18:43', '0000-00-00 00:00:00', 0),
(144, 53, 4, 0, 1, 'p', 'mns_price01', '$ 0.85', '', '', 0, '2017-03-24 10:18:43', '0000-00-00 00:00:00', 0),
(145, 53, 6, 0, 1, 'p', 'mns_name11', 'White Coffee', '', '', 0, '2017-03-24 10:18:43', '0000-00-00 00:00:00', 0),
(146, 53, 8, 0, 1, 'p', 'mns_price11', '$ 1.00', '', '', 0, '2017-03-24 10:18:43', '0000-00-00 00:00:00', 0),
(147, 53, 10, 0, 1, 'p', 'mns_name21', 'Cacoa', '', '', 0, '2017-03-24 10:18:43', '0000-00-00 00:00:00', 0),
(148, 53, 12, 0, 1, 'p', 'mns_price21', '$ 1.00', '', '', 0, '2017-03-24 10:18:43', '0000-00-00 00:00:00', 0),
(149, 53, 14, 0, 1, 'p', 'mns_name31', 'Espresso', '', '', 0, '2017-03-24 10:18:43', '0000-00-00 00:00:00', 0),
(150, 53, 16, 0, 1, 'p', 'mns_price31', '$ 1.25', '', '', 0, '2017-03-24 10:18:43', '0000-00-00 00:00:00', 0),
(151, 53, 18, 0, 1, 'img', 'up_bg01', 'images/img11.jpg', '', '374, 268', 0, '2017-03-24 10:18:43', '0000-00-00 00:00:00', 0),
(152, 53, 20, 0, 1, 'img', 'up_bg11', 'images/img12.jpg', '', '374, 268', 0, '2017-03-24 10:18:43', '0000-00-00 00:00:00', 0),
(153, 53, 22, 0, 1, 'p', 'mns_menu01', 'coffee', '', '', 0, '2017-03-24 10:18:43', '0000-00-00 00:00:00', 0),
(154, 53, 24, 0, 1, 'img', 'up_bg02', 'images/img21.jpg', '', '374, 268', 0, '2017-03-24 10:18:43', '0000-00-00 00:00:00', 0),
(155, 53, 26, 0, 1, 'img', 'up_bg12', 'images/img22.jpg', '', '374, 268', 0, '2017-03-24 10:18:43', '0000-00-00 00:00:00', 0),
(156, 53, 28, 0, 1, 'p', 'mns_menu02', 'flower tea', '', '', 0, '2017-03-24 10:18:43', '0000-00-00 00:00:00', 0),
(157, 53, 30, 0, 1, 'p', 'mns_name02', 'Jasmine Tea', '', '', 0, '2017-03-24 10:18:43', '0000-00-00 00:00:00', 0),
(158, 53, 32, 0, 1, 'p', 'mns_price02', '$ 2.25', '', '', 0, '2017-03-24 10:18:43', '0000-00-00 00:00:00', 0),
(159, 53, 34, 0, 1, 'p', 'mns_name12', 'Herbal Flower Tea', '', '', 0, '2017-03-24 10:18:43', '0000-00-00 00:00:00', 0),
(160, 53, 36, 0, 1, 'p', 'mns_price12', '$ 3.20', '', '', 0, '2017-03-24 10:18:43', '0000-00-00 00:00:00', 0),
(161, 53, 38, 0, 1, 'p', 'mns_name22', 'Mint Tea', '', '', 0, '2017-03-24 10:18:43', '0000-00-00 00:00:00', 0),
(162, 53, 40, 0, 1, 'p', 'mns_price22', '$ 2.00', '', '', 0, '2017-03-24 10:18:43', '0000-00-00 00:00:00', 0),
(163, 53, 42, 0, 1, 'p', 'mns_name32', 'Lotus Tea', '', '', 0, '2017-03-24 10:18:43', '0000-00-00 00:00:00', 0),
(164, 53, 44, 0, 1, 'p', 'mns_price32', '$ 2.25', '', '', 0, '2017-03-24 10:18:43', '0000-00-00 00:00:00', 0),
(165, 53, 46, 0, 1, 'p', 'mns_name03', 'Mango', '', '', 0, '2017-03-24 10:18:43', '0000-00-00 00:00:00', 0),
(166, 53, 48, 0, 1, 'p', 'mns_price03', '$ 3.50', '', '', 0, '2017-03-24 10:18:43', '0000-00-00 00:00:00', 0),
(167, 53, 50, 0, 1, 'p', 'mns_name13', 'Apple', '', '', 0, '2017-03-24 10:18:43', '0000-00-00 00:00:00', 0),
(168, 53, 52, 0, 1, 'p', 'mns_price13', '$ 3.85', '', '', 0, '2017-03-24 10:18:43', '0000-00-00 00:00:00', 0),
(169, 53, 54, 0, 1, 'p', 'mns_name23', 'Strawberry', '', '', 0, '2017-03-24 10:18:43', '0000-00-00 00:00:00', 0),
(170, 53, 56, 0, 1, 'p', 'mns_price23', '$ 3.85', '', '', 0, '2017-03-24 10:18:43', '0000-00-00 00:00:00', 0),
(171, 53, 58, 0, 1, 'p', 'mns_name33', 'Avocado', '', '', 0, '2017-03-24 10:18:43', '0000-00-00 00:00:00', 0),
(172, 53, 60, 0, 1, 'p', 'mns_price33', '$ 2.50', '', '', 0, '2017-03-24 10:18:43', '0000-00-00 00:00:00', 0),
(173, 53, 62, 0, 1, 'img', 'up_bg03', 'images/img31.jpg', '', '374, 268', 0, '2017-03-24 10:18:43', '0000-00-00 00:00:00', 0),
(174, 53, 64, 0, 1, 'img', 'up_bg13', 'images/img32.jpg', '', '374, 268', 0, '2017-03-24 10:18:43', '0000-00-00 00:00:00', 0),
(175, 53, 66, 0, 1, 'p', 'mns_menu03', 'Smoothies', '', '', 0, '2017-03-24 10:18:43', '0000-00-00 00:00:00', 0),
(176, 53, 68, 0, 1, 'img', 'up_logo01', 'images/slogan.png', '', '261, 68', 0, '2017-03-24 10:18:43', '0000-00-00 00:00:00', 0),
(177, 53, 70, 0, 1, 'span', 'mns_sale01', 'Discount ', '', '', 0, '2017-03-24 10:18:43', '0000-00-00 00:00:00', 0),
(178, 53, 72, 0, 1, 'span', 'mns_sale02', '25% ', '', '', 0, '2017-03-24 10:18:43', '0000-00-00 00:00:00', 0),
(179, 53, 74, 0, 1, 'span', 'mns_sale03', 'Total Bill ', '', '', 0, '2017-03-24 10:18:43', '0000-00-00 00:00:00', 0),
(180, 53, 76, 0, 1, 'p', 'mns_time01', '11:30 - 13:30', '', '', 0, '2017-03-24 10:18:43', '0000-00-00 00:00:00', 0),
(181, 53, 78, 0, 1, 'p', 'mns_time02', 'From monday to friday', '', '', 0, '2017-03-24 10:18:43', '0000-00-00 00:00:00', 0),
(182, 45, 2, 0, 1, 'img', 'up_bg01', 'images/bg1.jpg', '', '720, 1280', 0, '2017-03-24 10:22:46', '0000-00-00 00:00:00', 0),
(183, 45, 4, 0, 1, 'img', 'up_bg02', 'images/bg2.jpg', '', '720, 1280', 0, '2017-03-24 10:22:46', '0000-00-00 00:00:00', 0),
(184, 45, 6, 0, 1, 'img', 'up_bg03', 'images/bg3.jpg', '', '720, 1280', 0, '2017-03-24 10:22:46', '0000-00-00 00:00:00', 0),
(185, 45, 8, 0, 1, 'img', 'up_bg11', 'images/logo.png', '', '151, 76', 0, '2017-03-24 10:22:46', '0000-00-00 00:00:00', 0),
(186, 45, 10, 0, 1, 'p', 'mns_name01', 'Salad- Bread', '', '', 0, '2017-03-24 10:22:46', '0000-00-00 00:00:00', 0),
(187, 45, 12, 0, 1, 'p', 'mns_name02', 'Duck Breast', '', '', 0, '2017-03-24 10:22:46', '0000-00-00 00:00:00', 0),
(188, 45, 14, 0, 1, 'p', 'mns_name03', 'Fruit Salad', '', '', 0, '2017-03-24 10:22:46', '0000-00-00 00:00:00', 0),
(189, 45, 16, 0, 1, 'p', 'mns_price01', '$6.00', '', '', 0, '2017-03-24 10:22:46', '0000-00-00 00:00:00', 0),
(190, 45, 18, 0, 1, 'p', 'mns_price02', '$4.50', '', '', 0, '2017-03-24 10:22:46', '0000-00-00 00:00:00', 0),
(191, 45, 20, 0, 1, 'p', 'mns_price03', '$3.50', '', '', 0, '2017-03-24 10:22:46', '0000-00-00 00:00:00', 0),
(192, 20, 2, 0, 1, 'img', 'up_bg01', 'images/bg1.jpg', '', '1280, 720', 0, '2017-03-27 02:26:41', '0000-00-00 00:00:00', 0),
(193, 20, 4, 0, 1, 'td', 'mns_name01', 'SEAFOOD', '', '', 0, '2017-03-27 02:26:41', '0000-00-00 00:00:00', 0),
(194, 20, 6, 0, 1, 'td', 'mns_price01', 'Small', '', '', 0, '2017-03-27 02:26:41', '0000-00-00 00:00:00', 0),
(195, 20, 8, 0, 1, 'td', 'mns_price11', 'big', '', '', 0, '2017-03-27 02:26:41', '0000-00-00 00:00:00', 0),
(196, 20, 10, 0, 1, 'td', 'mns_name02', '1. Steamed Crab', '', '', 0, '2017-03-27 02:26:41', '0000-00-00 00:00:00', 0),
(197, 20, 12, 0, 1, 'td', 'mns_price02', '$6.20', '', '', 0, '2017-03-27 02:26:41', '0000-00-00 00:00:00', 0),
(198, 20, 14, 0, 1, 'td', 'mns_price12', '$8.00', '', '', 0, '2017-03-27 02:26:41', '0000-00-00 00:00:00', 0),
(199, 20, 16, 0, 1, 'td', 'mns_name03', '2. Sweet & Sour Shrimp', '', '', 0, '2017-03-27 02:26:41', '0000-00-00 00:00:00', 0),
(200, 20, 18, 0, 1, 'td', 'mns_price03', '$4.52', '', '', 0, '2017-03-27 02:26:41', '0000-00-00 00:00:00', 0),
(201, 20, 20, 0, 1, 'td', 'mns_price13', '$7.50', '', '', 0, '2017-03-27 02:26:41', '0000-00-00 00:00:00', 0),
(202, 20, 22, 0, 1, 'td', 'mns_name04', '3. Fried Red tilapia', '', '', 0, '2017-03-27 02:26:41', '0000-00-00 00:00:00', 0),
(203, 20, 24, 0, 1, 'td', 'mns_price04', '$4.32', '', '', 0, '2017-03-27 02:26:41', '0000-00-00 00:00:00', 0),
(204, 20, 26, 0, 1, 'td', 'mns_price14', '$6.74', '', '', 0, '2017-03-27 02:26:41', '0000-00-00 00:00:00', 0),
(205, 20, 28, 0, 1, 'td', 'mns_name05', '4. Stir Fried Snails', '', '', 0, '2017-03-27 02:26:41', '0000-00-00 00:00:00', 0),
(206, 20, 30, 0, 1, 'td', 'mns_price05', '$5.25', '', '', 0, '2017-03-27 02:26:41', '0000-00-00 00:00:00', 0),
(207, 20, 32, 0, 1, 'td', 'mns_price15', '$7.50', '', '', 0, '2017-03-27 02:26:41', '0000-00-00 00:00:00', 0),
(208, 20, 34, 0, 1, 'td', 'mns_name06', '5. 5- Fruits Steamed Fish', '', '', 0, '2017-03-27 02:26:41', '0000-00-00 00:00:00', 0),
(209, 20, 36, 0, 1, 'td', 'mns_price06', '$5.00', '', '', 0, '2017-03-27 02:26:41', '0000-00-00 00:00:00', 0),
(210, 20, 38, 0, 1, 'td', 'mns_price16', '$7.35', '', '', 0, '2017-03-27 02:26:41', '0000-00-00 00:00:00', 0),
(211, 20, 40, 0, 1, 'td', 'mns_name07', '6. Seafood Noodles', '', '', 0, '2017-03-27 02:26:41', '0000-00-00 00:00:00', 0),
(212, 20, 42, 0, 1, 'td', 'mns_price07', '$4.35', '', '', 0, '2017-03-27 02:26:41', '0000-00-00 00:00:00', 0),
(213, 20, 44, 0, 1, 'td', 'mns_price17', '$7.64', '', '', 0, '2017-03-27 02:26:41', '0000-00-00 00:00:00', 0),
(214, 20, 46, 0, 1, 'td', 'mns_name08', '7. Mixed Hotpot', '', '', 0, '2017-03-27 02:26:41', '0000-00-00 00:00:00', 0),
(215, 20, 48, 0, 1, 'td', 'mns_price08', '$6.00', '', '', 0, '2017-03-27 02:26:41', '0000-00-00 00:00:00', 0),
(216, 20, 50, 0, 1, 'td', 'mns_price18', '$7.35', '', '', 0, '2017-03-27 02:26:41', '0000-00-00 00:00:00', 0),
(217, 20, 52, 0, 1, 'img', 'up_bg02', 'images/qt.png', '', '450, 720', 0, '2017-03-27 02:26:41', '0000-00-00 00:00:00', 0),
(218, 20, 54, 0, 1, 'p', 'mns_sale01', 'Free', '', '', 0, '2017-03-27 02:26:41', '0000-00-00 00:00:00', 0),
(219, 20, 56, 0, 1, 'p', 'mns_sale02', 'Red beer', '', '', 0, '2017-03-27 02:26:41', '0000-00-00 00:00:00', 0),
(220, 20, 58, 0, 1, 'img', 'up_bg03', 'images/beer.png', '', '151, 386', 0, '2017-03-27 02:26:41', '0000-00-00 00:00:00', 0),
(221, 20, 60, 0, 1, 'p', 'mns_sale03', '5 glasses/ 1 dish', '', '', 0, '2017-03-27 02:26:41', '0000-00-00 00:00:00', 0),
(258, 46, 2, 0, 1, 'img', 'up_bg01', 'images/logo.png', '', '118, 60', 0, '2017-03-27 02:50:47', '0000-00-00 00:00:00', 0),
(259, 46, 4, 0, 1, 'img', 'up_bg11', 'images/bg11.jpg', '', '720, 420', 0, '2017-03-27 02:50:47', '0000-00-00 00:00:00', 0),
(260, 46, 6, 0, 1, 'img', 'up_bg12', 'images/bg12.jpg', '', '720, 420', 0, '2017-03-27 02:50:47', '0000-00-00 00:00:00', 0),
(261, 46, 8, 0, 1, 'p', 'mns_price01', '$6.50', '', '', 0, '2017-03-27 02:50:47', '0000-00-00 00:00:00', 0),
(262, 46, 10, 0, 1, 'p', 'mns_price11', '$7.50', '', '', 0, '2017-03-27 02:50:47', '0000-00-00 00:00:00', 0),
(263, 46, 12, 0, 1, 'p', 'mns_name01', 'Steamed Salmon', '', '', 0, '2017-03-27 02:50:47', '0000-00-00 00:00:00', 0),
(264, 46, 14, 0, 1, 'p', 'mns_name11', 'Cheesy Salmon', '', '', 0, '2017-03-27 02:50:47', '0000-00-00 00:00:00', 0),
(265, 46, 16, 0, 1, 'p', 'mns_goldtime01', 'Happy Hour', '', '', 0, '2017-03-27 02:50:47', '0000-00-00 00:00:00', 0),
(266, 46, 18, 0, 1, 'p', 'mns_time01', '11:00 - 13:00PM', '', '', 0, '2017-03-27 02:50:47', '0000-00-00 00:00:00', 0),
(267, 46, 20, 0, 1, 'span', 'mns_sale01', '50% ', '', '', 0, '2017-03-27 02:50:47', '0000-00-00 00:00:00', 0),
(268, 46, 22, 0, 1, 'p', 'mns_all01', 'Total Bill', '', '', 0, '2017-03-27 02:50:47', '0000-00-00 00:00:00', 0),
(269, 46, 24, 0, 1, 'img', 'up_bg21', 'images/bg21.jpg', '', '720, 420', 0, '2017-03-27 02:50:47', '0000-00-00 00:00:00', 0),
(270, 46, 26, 0, 1, 'img', 'up_bg22', 'images/bg22.jpg', '', '720, 420', 0, '2017-03-27 02:50:47', '0000-00-00 00:00:00', 0),
(271, 46, 28, 0, 1, 'img', 'up_bg02', 'images/logo.png', '', '118, 60', 0, '2017-03-27 02:50:47', '0000-00-00 00:00:00', 0),
(272, 46, 30, 0, 1, 'p', 'mns_price02', '$6.00', '', '', 0, '2017-03-27 02:50:47', '0000-00-00 00:00:00', 0),
(273, 46, 32, 0, 1, 'p', 'mns_price12', '$7.00', '', '', 0, '2017-03-27 02:50:47', '0000-00-00 00:00:00', 0),
(274, 46, 34, 0, 1, 'p', 'mns_name02', 'Smoked Beef', '', '', 0, '2017-03-27 02:50:47', '0000-00-00 00:00:00', 0),
(275, 46, 36, 0, 1, 'p', 'mns_name12', 'Beef Steak', '', '', 0, '2017-03-27 02:50:47', '0000-00-00 00:00:00', 0),
(276, 63, 2, 0, 1, 'img', 'up_bg', 'images/bg.png', '', '1280, 720', 0, '2017-03-27 08:00:28', '0000-00-00 00:00:00', 0),
(277, 63, 4, 0, 1, 'img', 'up_logo', 'images/cafe.png', '', '62, 65', 0, '2017-03-27 08:00:28', '0000-00-00 00:00:00', 0),
(278, 63, 6, 0, 1, 'p', 'mns_brand', '  					MNS HILL CAFE - THE ROMANCE OF CAFE  				', '', '', 0, '2017-03-27 08:00:28', '0000-00-00 00:00:00', 0),
(279, 63, 8, 0, 1, 'p', 'mns_time', '', '', '', 0, '2017-03-27 08:00:28', '0000-00-00 00:00:00', 0),
(280, 63, 10, 0, 1, 'img', 'up_thumb1', 'images/thumb1.png', '', '376, 223', 0, '2017-03-27 08:00:28', '0000-00-00 00:00:00', 0),
(281, 63, 12, 0, 1, 'h1', 'mns_submenu1', 'CAFE', '', '', 0, '2017-03-27 08:00:28', '0000-00-00 00:00:00', 0),
(282, 63, 14, 0, 1, 'p', 'mns_sub1_item1', 'Cafe Latte', '', '', 0, '2017-03-27 08:00:28', '0000-00-00 00:00:00', 0),
(283, 63, 16, 0, 1, 'p', 'mns_sub1_price1', '$2.99', '', '', 0, '2017-03-27 08:00:28', '0000-00-00 00:00:00', 0),
(284, 63, 18, 0, 1, 'p', 'mns_sub1_item2', 'Cappaccino', '', '', 0, '2017-03-27 08:00:28', '0000-00-00 00:00:00', 0),
(285, 63, 20, 0, 1, 'p', 'mns_sub1_price2', '$2.49', '', '', 0, '2017-03-27 08:00:28', '0000-00-00 00:00:00', 0),
(286, 63, 22, 0, 1, 'p', 'mns_sub1_item3', 'Expresso Black', '', '', 0, '2017-03-27 08:00:28', '0000-00-00 00:00:00', 0),
(287, 63, 24, 0, 1, 'p', 'mns_sub1_price3', '$1.79', '', '', 0, '2017-03-27 08:00:28', '0000-00-00 00:00:00', 0),
(288, 63, 26, 0, 1, 'p', 'mns_sub1_item4', 'Hot Chocolate', '', '', 0, '2017-03-27 08:00:28', '0000-00-00 00:00:00', 0),
(289, 63, 28, 0, 1, 'p', 'mns_sub1_price4', '$2.49', '', '', 0, '2017-03-27 08:00:28', '0000-00-00 00:00:00', 0),
(290, 63, 30, 0, 1, 'img', 'up_thumb2', 'images/thumb2.png', '', '376, 223', 0, '2017-03-27 08:00:28', '0000-00-00 00:00:00', 0),
(291, 63, 32, 0, 1, 'h1', 'mns_submenu2', 'COCKTAIL', '', '', 0, '2017-03-27 08:00:28', '0000-00-00 00:00:00', 0),
(292, 63, 34, 0, 1, 'p', 'mns_sub2_item1', 'Bloody Ceasar', '', '', 0, '2017-03-27 08:00:28', '0000-00-00 00:00:00', 0),
(293, 63, 36, 0, 1, 'p', 'mns_sub2_price1', '$3.49', '', '', 0, '2017-03-27 08:00:28', '0000-00-00 00:00:00', 0),
(294, 63, 38, 0, 1, 'p', 'mns_sub2_item2', 'Pina Colada', '', '', 0, '2017-03-27 08:00:28', '0000-00-00 00:00:00', 0),
(295, 63, 40, 0, 1, 'p', 'mns_sub2_price2', '$4.49', '', '', 0, '2017-03-27 08:00:28', '0000-00-00 00:00:00', 0),
(296, 63, 42, 0, 1, 'p', 'mns_sub2_item3', 'Black Russian', '', '', 0, '2017-03-27 08:00:28', '0000-00-00 00:00:00', 0),
(297, 63, 44, 0, 1, 'p', 'mns_sub2_price3', '$5.49', '', '', 0, '2017-03-27 08:00:28', '0000-00-00 00:00:00', 0),
(298, 63, 46, 0, 1, 'p', 'mns_sub2_item4', 'Singapore Sling', '', '', 0, '2017-03-27 08:00:28', '0000-00-00 00:00:00', 0),
(299, 63, 48, 0, 1, 'p', 'mns_sub2_price4', '$5.49', '', '', 0, '2017-03-27 08:00:28', '0000-00-00 00:00:00', 0),
(300, 63, 50, 0, 1, 'img', 'up_thumb3', 'images/thumb3.png', '', '376, 223', 0, '2017-03-27 08:00:28', '0000-00-00 00:00:00', 0),
(301, 63, 52, 0, 1, 'h1', 'mns_submenu3', 'SMOOTHIES', '', '', 0, '2017-03-27 08:00:28', '0000-00-00 00:00:00', 0),
(302, 63, 54, 0, 1, 'p', 'mns_sub3_item1', 'Strawberry/Banana', '', '', 0, '2017-03-27 08:00:28', '0000-00-00 00:00:00', 0),
(303, 63, 56, 0, 1, 'p', 'mns_sub3_price1', '$2.49', '', '', 0, '2017-03-27 08:00:28', '0000-00-00 00:00:00', 0),
(304, 63, 58, 0, 1, 'p', 'mns_sub3_item2', 'Mango/Orange', '', '', 0, '2017-03-27 08:00:28', '0000-00-00 00:00:00', 0),
(305, 63, 60, 0, 1, 'p', 'mns_sub3_price2', '$3.49', '', '', 0, '2017-03-27 08:00:28', '0000-00-00 00:00:00', 0),
(306, 63, 62, 0, 1, 'p', 'mns_sub3_item3', 'Mango/Pineapple', '', '', 0, '2017-03-27 08:00:28', '0000-00-00 00:00:00', 0),
(307, 63, 64, 0, 1, 'p', 'mns_sub3_price3', '$3.49', '', '', 0, '2017-03-27 08:00:28', '0000-00-00 00:00:00', 0),
(308, 63, 66, 0, 1, 'p', 'mns_sub3_item4', 'Mango/Banana', '', '', 0, '2017-03-27 08:00:28', '0000-00-00 00:00:00', 0),
(309, 63, 68, 0, 1, 'p', 'mns_sub3_price4', '$2.49', '', '', 0, '2017-03-27 08:00:28', '0000-00-00 00:00:00', 0),
(310, 37, 2, 0, 1, 'img', 'up_bg01', 'images/img1.jpg', '', '1280, 720', 0, '2017-03-30 07:50:47', '0000-00-00 00:00:00', 0),
(311, 37, 4, 0, 1, 'img', 'up_bg02', 'images/img2.jpg', '', '1280, 720', 0, '2017-03-30 07:50:47', '0000-00-00 00:00:00', 0),
(312, 37, 6, 0, 1, 'img', 'up_logo01', 'images/logo.png', '', '272, 69', 0, '2017-03-30 07:50:47', '0000-00-00 00:00:00', 0),
(313, 37, 8, 0, 1, 'p', 'mns_name01', 'Lunch', '', '', 0, '2017-03-30 07:50:47', '0000-00-00 00:00:00', 0),
(314, 37, 10, 0, 1, 'p', 'mns_name02', 'Fried Roti Pigeon', '', '', 0, '2017-03-30 07:50:47', '0000-00-00 00:00:00', 0),
(315, 37, 12, 0, 1, 'p', 'mns_price01', '$8.25', '', '', 0, '2017-03-30 07:50:47', '0000-00-00 00:00:00', 0),
(316, 22, 2, 0, 1, 'img', 'up_bg01', 'images/img1.jpg', '', '1280, 720', 0, '2017-03-30 09:46:18', '0000-00-00 00:00:00', 0),
(317, 22, 4, 0, 1, 'p', 'mns_name01', 'CREAM CAKE \r\nBOWNIE', '', '', 0, '2017-03-30 09:46:18', '0000-00-00 00:00:00', 0),
(318, 22, 6, 0, 1, 'span', 'mns_price01', '$5.00 ', '', '', 0, '2017-03-30 09:46:18', '0000-00-00 00:00:00', 0),
(319, 22, 8, 0, 1, 'p', 'mns_price11', '$4.50', '', '', 0, '2017-03-30 09:46:18', '0000-00-00 00:00:00', 0),
(320, 22, 10, 0, 1, 'img', 'up_bg02', 'images/img2.jpg', '', '1280, 720', 0, '2017-03-30 09:46:18', '0000-00-00 00:00:00', 0),
(321, 22, 12, 0, 1, 'p', 'mns_name02', 'CREAM CAKE \r\nc', '', '', 0, '2017-03-30 09:46:18', '0000-00-00 00:00:00', 0),
(322, 22, 14, 0, 1, 'span', 'mns_price02', '$5.50 ', '', '', 0, '2017-03-30 09:46:18', '0000-00-00 00:00:00', 0),
(323, 22, 16, 0, 1, 'p', 'mns_price12', '$4.65', '', '', 0, '2017-03-30 09:46:18', '0000-00-00 00:00:00', 0),
(375, 35, 2, 0, 1, 'img', 'up_bg01', 'images/logo.png', '', '131, 62', 0, '2017-03-31 02:32:58', '0000-00-00 00:00:00', 0),
(376, 35, 4, 0, 1, 'p', 'mns_namecompany01', 'Sunny', '', '', 0, '2017-03-31 02:32:58', '0000-00-00 00:00:00', 0),
(377, 35, 6, 0, 1, 'p', 'mns_slogan01', 'Resort', '', '', 0, '2017-03-31 02:32:58', '0000-00-00 00:00:00', 0),
(378, 35, 8, 0, 1, 'p', 'mns_yoga01', '$ 8.50', '', '', 0, '2017-03-31 02:32:58', '0000-00-00 00:00:00', 0),
(379, 35, 10, 0, 1, 'p', 'mns_nameyoga01', 'Fish Bread', '', '', 0, '2017-03-31 02:32:58', '0000-00-00 00:00:00', 0),
(380, 35, 12, 0, 1, 'p', 'mns_yoga02', '$ 8.00', '', '', 0, '2017-03-31 02:32:58', '0000-00-00 00:00:00', 0),
(381, 35, 14, 0, 1, 'p', 'mns_nameyoga02', 'Beef Bourguignon', '', '', 0, '2017-03-31 02:32:58', '0000-00-00 00:00:00', 0),
(382, 35, 16, 0, 1, 'p', 'mns_yoga03', '$ 7.60', '', '', 0, '2017-03-31 02:32:58', '0000-00-00 00:00:00', 0),
(383, 35, 18, 0, 1, 'p', 'mns_nameyoga03', 'Cheesy Salmon', '', '', 0, '2017-03-31 02:32:58', '0000-00-00 00:00:00', 0),
(384, 35, 20, 0, 1, 'p', 'mns_yoga04', '$ 8.50', '', '', 0, '2017-03-31 02:32:58', '0000-00-00 00:00:00', 0),
(385, 35, 22, 0, 1, 'p', 'mns_nameyoga04', 'Grilled Beef', '', '', 0, '2017-03-31 02:32:58', '0000-00-00 00:00:00', 0),
(386, 35, 24, 0, 1, 'p', 'mns_yoga05', '$ 8.00', '', '', 0, '2017-03-31 02:32:58', '0000-00-00 00:00:00', 0),
(387, 35, 26, 0, 1, 'p', 'mns_nameyoga05', 'Roasted Chicken', '', '', 0, '2017-03-31 02:32:58', '0000-00-00 00:00:00', 0),
(388, 35, 28, 0, 1, 'span', 'mns_website01', 'www.sunnyresort.vn ', '', '', 0, '2017-03-31 02:32:58', '0000-00-00 00:00:00', 0),
(389, 35, 30, 0, 1, 'span', 'mns_phone01', '092.911.5181 ', '', '', 0, '2017-03-31 02:32:58', '0000-00-00 00:00:00', 0),
(390, 35, 32, 0, 1, 'img', 'up_bg11', 'images/img1.jpg', '', '640, 720', 0, '2017-03-31 02:32:58', '0000-00-00 00:00:00', 0),
(391, 35, 34, 0, 1, 'img', 'up_bg12', 'images/img2.jpg', '', '640, 720', 0, '2017-03-31 02:32:58', '0000-00-00 00:00:00', 0),
(392, 35, 36, 0, 1, 'img', 'up_bg13', 'images/img3.jpg', '', '640, 720', 0, '2017-03-31 02:32:58', '0000-00-00 00:00:00', 0),
(393, 35, 38, 0, 1, 'img', 'up_bg14', 'images/img4.jpg', '', '640, 720', 0, '2017-03-31 02:32:58', '0000-00-00 00:00:00', 0),
(404, 23, 2, 0, 1, 'img', 'up_bg01', 'images/logo.png', '', '56, 117', 0, '2017-03-31 03:00:58', '0000-00-00 00:00:00', 0),
(405, 23, 4, 0, 1, 'p', 'mns_logo01', 'Desire', '', '', 0, '2017-03-31 03:00:58', '0000-00-00 00:00:00', 0),
(406, 23, 6, 0, 1, 'p', 'mns_logo02', 'Food', '', '', 0, '2017-03-31 03:00:58', '0000-00-00 00:00:00', 0),
(407, 23, 8, 0, 1, 'p', 'mns_name01', '5- Spices Beef', '', '', 0, '2017-03-31 03:00:58', '0000-00-00 00:00:00', 0),
(408, 23, 10, 0, 1, 'p', 'mns_price01', '$8.50', '', '', 0, '2017-03-31 03:00:58', '0000-00-00 00:00:00', 0),
(409, 23, 12, 0, 1, 'p', 'mns_name02', 'Steak', '', '', 0, '2017-03-31 03:00:58', '0000-00-00 00:00:00', 0),
(410, 23, 14, 0, 1, 'p', 'mns_price02', '$7.00', '', '', 0, '2017-03-31 03:00:58', '0000-00-00 00:00:00', 0),
(411, 23, 16, 0, 1, 'img', 'up_bg11', 'images/img1.jpg', '', '720, 1280', 0, '2017-03-31 03:00:58', '0000-00-00 00:00:00', 0),
(412, 23, 18, 0, 1, 'img', 'up_bg12', 'images/img2.jpg', '', '720, 1280', 0, '2017-03-31 03:00:58', '0000-00-00 00:00:00', 0),
(413, 29, 2, 0, 1, 'img', 'up_bg01', 'images/bg1.jpg', '', '720, 1280', 0, '2017-03-31 03:06:22', '0000-00-00 00:00:00', 0),
(414, 29, 4, 0, 1, 'img', 'up_bg02', 'images/bg2.jpg', '', '720, 1280', 0, '2017-03-31 03:06:22', '0000-00-00 00:00:00', 0),
(415, 29, 6, 0, 1, 'img', 'up_bg11', 'images/logo.png', '', '151, 76', 0, '2017-03-31 03:06:22', '0000-00-00 00:00:00', 0),
(416, 29, 8, 0, 1, 'p', 'mns_name01', 'Fish in Caramel Sauce', '', '', 0, '2017-03-31 03:06:22', '0000-00-00 00:00:00', 0),
(417, 29, 10, 0, 1, 'p', 'mns_name02', 'Cheesy Beef', '', '', 0, '2017-03-31 03:06:22', '0000-00-00 00:00:00', 0),
(418, 29, 12, 0, 1, 'p', 'mns_price01', '$8.20', '', '', 0, '2017-03-31 03:06:22', '0000-00-00 00:00:00', 0),
(419, 29, 14, 0, 1, 'p', 'mns_price02', '$9.00', '', '', 0, '2017-03-31 03:06:22', '0000-00-00 00:00:00', 0),
(420, 28, 2, 0, 1, 'img', 'up_bg01', 'images/img1.jpg', '', '640, 180', 0, '2017-04-03 08:43:05', '0000-00-00 00:00:00', 0),
(421, 28, 4, 0, 1, 'p', 'mns_price01', '$2.00', '', '', 0, '2017-04-03 08:43:05', '0000-00-00 00:00:00', 0),
(422, 28, 6, 0, 1, 'p', 'mns_name01', 'Flower Tea', '', '', 0, '2017-04-03 08:43:05', '0000-00-00 00:00:00', 0),
(423, 28, 8, 0, 1, 'img', 'up_bg02', 'images/img2.jpg', '', '640, 180', 0, '2017-04-03 08:43:05', '0000-00-00 00:00:00', 0),
(424, 28, 10, 0, 1, 'p', 'mns_price02', '$4.10', '', '', 0, '2017-04-03 08:43:05', '0000-00-00 00:00:00', 0),
(425, 28, 12, 0, 1, 'p', 'mns_name02', 'Chocolate', '', '', 0, '2017-04-03 08:43:05', '0000-00-00 00:00:00', 0),
(426, 28, 14, 0, 1, 'img', 'up_bg03', 'images/img3.jpg', '', '640, 180', 0, '2017-04-03 08:43:05', '0000-00-00 00:00:00', 0),
(427, 28, 16, 0, 1, 'p', 'mns_price03', '$4.00', '', '', 0, '2017-04-03 08:43:05', '0000-00-00 00:00:00', 0),
(428, 28, 18, 0, 1, 'p', 'mns_name03', 'White Coffee', '', '', 0, '2017-04-03 08:43:05', '0000-00-00 00:00:00', 0),
(429, 28, 20, 0, 1, 'img', 'up_bg04', 'images/img4.jpg', '', '640, 180', 0, '2017-04-03 08:43:05', '0000-00-00 00:00:00', 0),
(430, 28, 22, 0, 1, 'p', 'mns_price04', '$4.25', '', '', 0, '2017-04-03 08:43:05', '0000-00-00 00:00:00', 0),
(431, 28, 24, 0, 1, 'p', 'mns_name04', 'Pudding', '', '', 0, '2017-04-03 08:43:05', '0000-00-00 00:00:00', 0),
(432, 28, 26, 0, 1, 'img', 'up_bg11', 'images/img5.jpg', '', '640, 180', 0, '2017-04-03 08:43:05', '0000-00-00 00:00:00', 0),
(433, 28, 28, 0, 1, 'p', 'mns_price11', '$3.45', '', '', 0, '2017-04-03 08:43:05', '0000-00-00 00:00:00', 0),
(434, 28, 30, 0, 1, 'p', 'mns_name11', 'Latte', '', '', 0, '2017-04-03 08:43:05', '0000-00-00 00:00:00', 0),
(435, 28, 32, 0, 1, 'img', 'up_bg12', 'images/img6.jpg', '', '640, 180', 0, '2017-04-03 08:43:05', '0000-00-00 00:00:00', 0),
(436, 28, 34, 0, 1, 'p', 'mns_price12', '$6.15', '', '', 0, '2017-04-03 08:43:05', '0000-00-00 00:00:00', 0),
(437, 28, 36, 0, 1, 'p', 'mns_name12', 'Capuchino', '', '', 0, '2017-04-03 08:43:05', '0000-00-00 00:00:00', 0),
(438, 28, 38, 0, 1, 'img', 'up_bg13', 'images/img7.jpg', '', '640, 180', 0, '2017-04-03 08:43:05', '0000-00-00 00:00:00', 0),
(439, 28, 40, 0, 1, 'p', 'mns_price13', '$8.00', '', '', 0, '2017-04-03 08:43:05', '0000-00-00 00:00:00', 0),
(440, 28, 42, 0, 1, 'p', 'mns_name13', 'Matcha', '', '', 0, '2017-04-03 08:43:05', '0000-00-00 00:00:00', 0),
(441, 28, 44, 0, 1, 'img', 'up_bg14', 'images/img8.jpg', '', '640, 180', 0, '2017-04-03 08:43:05', '0000-00-00 00:00:00', 0),
(442, 28, 46, 0, 1, 'p', 'mns_price14', '$2.55', '', '', 0, '2017-04-03 08:43:05', '0000-00-00 00:00:00', 0),
(443, 28, 48, 0, 1, 'p', 'mns_name14', 'Black Coffee', '', '', 0, '2017-04-03 08:43:05', '0000-00-00 00:00:00', 0),
(444, 1, 2, 0, 1, 'div', 'mns_name01', 'Pizza Rolls', '', '', 0, '2017-04-05 08:03:17', '0000-00-00 00:00:00', 0),
(445, 1, 4, 0, 1, 'span', 'mns_price01', '3.00 ', '', '', 0, '2017-04-05 08:03:17', '0000-00-00 00:00:00', 0),
(446, 1, 6, 0, 1, 'img', 'up_bg01', 'images/img1.jpg', '', '320, 440', 0, '2017-04-05 08:03:17', '0000-00-00 00:00:00', 0),
(447, 1, 8, 0, 1, 'img', 'up_bg11', 'images/img2.jpg', '', '320, 440', 0, '2017-04-05 08:03:17', '0000-00-00 00:00:00', 0),
(448, 1, 10, 0, 1, 'div', 'mns_name02', 'Potato Cake', '', '', 0, '2017-04-05 08:03:17', '0000-00-00 00:00:00', 0),
(449, 1, 12, 0, 1, 'span', 'mns_price02', '2.85 ', '', '', 0, '2017-04-05 08:03:17', '0000-00-00 00:00:00', 0),
(450, 1, 14, 0, 1, 'img', 'up_bg02', 'images/img2.jpg', '', '320, 440', 0, '2017-04-05 08:03:17', '0000-00-00 00:00:00', 0),
(451, 1, 16, 0, 1, 'img', 'up_bg12', 'images/img3.jpg', '', '320, 440', 0, '2017-04-05 08:03:17', '0000-00-00 00:00:00', 0),
(452, 1, 18, 0, 1, 'div', 'mns_name03', 'Sausage', '', '', 0, '2017-04-05 08:03:17', '0000-00-00 00:00:00', 0),
(453, 1, 20, 0, 1, 'span', 'mns_price03', '3.00 ', '', '', 0, '2017-04-05 08:03:17', '0000-00-00 00:00:00', 0),
(454, 1, 22, 0, 1, 'img', 'up_bg03', 'images/img3.jpg', '', '320, 440', 0, '2017-04-05 08:03:17', '0000-00-00 00:00:00', 0),
(455, 1, 24, 0, 1, 'img', 'up_bg13', 'images/img4.jpg', '', '320, 440', 0, '2017-04-05 08:03:17', '0000-00-00 00:00:00', 0),
(456, 1, 26, 0, 1, 'div', 'mns_name04', 'Cheese Bread', '', '', 0, '2017-04-05 08:03:17', '0000-00-00 00:00:00', 0),
(457, 1, 28, 0, 1, 'span', 'mns_price04', '2.54 ', '', '', 0, '2017-04-05 08:03:17', '0000-00-00 00:00:00', 0),
(458, 1, 30, 0, 1, 'img', 'up_bg04', 'images/img4.jpg', '', '320, 440', 0, '2017-04-05 08:03:17', '0000-00-00 00:00:00', 0),
(459, 1, 32, 0, 1, 'img', 'up_bg14', 'images/img1.jpg', '', '320, 440', 0, '2017-04-05 08:03:17', '0000-00-00 00:00:00', 0),
(460, 1, 34, 0, 1, 'marquee', 'mns_phone01', '  					Shipping: 090 956 6634 / 009 789 1278  				', '', '', 0, '2017-04-05 08:03:17', '0000-00-00 00:00:00', 0),
(461, 1, 36, 0, 1, 'div', 'mns_name05', 'Baked Bread', '', '', 0, '2017-04-05 08:03:17', '0000-00-00 00:00:00', 0),
(462, 1, 38, 0, 1, 'span', 'mns_price05', '2.55 ', '', '', 0, '2017-04-05 08:03:17', '0000-00-00 00:00:00', 0),
(463, 1, 40, 0, 1, 'img', 'up_bg05', 'images/img5.jpg', '', '239, 155', 0, '2017-04-05 08:03:17', '0000-00-00 00:00:00', 0),
(464, 1, 42, 0, 1, 'div', 'mns_name06', 'White Bread', '', '', 0, '2017-04-05 08:03:17', '0000-00-00 00:00:00', 0),
(465, 1, 44, 0, 1, 'span', 'mns_price06', '1.55 ', '', '', 0, '2017-04-05 08:03:17', '0000-00-00 00:00:00', 0),
(466, 1, 46, 0, 1, 'img', 'up_bg06', 'images/img6.jpg', '', '239, 155', 0, '2017-04-05 08:03:17', '0000-00-00 00:00:00', 0);

-- --------------------------------------------------------

--
-- Table structure for table `tbl_element_detail_show`
--

CREATE TABLE IF NOT EXISTS `tbl_element_detail_show` (
  `element_detail_show_id` int(10) unsigned NOT NULL AUTO_INCREMENT,
  `template_show_id` int(11) NOT NULL,
  `tag_type` varchar(20) NOT NULL,
  `tag_name` varchar(255) NOT NULL,
  `tag_data` varchar(1000) NOT NULL,
  `tag_show_name` varchar(255) NOT NULL,
  `note` varchar(20) NOT NULL,
  `order_num` tinyint(4) unsigned NOT NULL DEFAULT '0',
  `create_time` timestamp NOT NULL DEFAULT CURRENT_TIMESTAMP ON UPDATE CURRENT_TIMESTAMP,
  `update_time` timestamp NOT NULL DEFAULT '0000-00-00 00:00:00',
  `status` tinyint(1) NOT NULL DEFAULT '0',
  PRIMARY KEY (`element_detail_show_id`)
) ENGINE=InnoDB DEFAULT CHARSET=utf8 AUTO_INCREMENT=1 ;

-- --------------------------------------------------------

--
-- Table structure for table `tbl_language`
--

CREATE TABLE IF NOT EXISTS `tbl_language` (
  `language_id` char(2) COLLATE utf8_unicode_ci NOT NULL,
  `language_name` varchar(30) COLLATE utf8_unicode_ci NOT NULL,
  `is_default` tinyint(4) NOT NULL,
  PRIMARY KEY (`language_id`)
) ENGINE=InnoDB DEFAULT CHARSET=utf8 COLLATE=utf8_unicode_ci;

--
-- Dumping data for table `tbl_language`
--

INSERT INTO `tbl_language` (`language_id`, `language_name`, `is_default`) VALUES
('en', 'English', 1),
('vi', 'Việt Nam', 0);

-- --------------------------------------------------------

--
-- Table structure for table `tbl_msg`
--

CREATE TABLE IF NOT EXISTS `tbl_msg` (
  `msg_id` int(10) unsigned NOT NULL AUTO_INCREMENT,
  `user_id` int(10) unsigned NOT NULL,
  `designer_id` int(10) unsigned NOT NULL,
  `send_to_user` tinyint(4) NOT NULL,
  `title` varchar(255) NOT NULL,
  `body` text NOT NULL,
  `update_time` timestamp NOT NULL DEFAULT '0000-00-00 00:00:00' ON UPDATE CURRENT_TIMESTAMP,
  PRIMARY KEY (`msg_id`)
) ENGINE=InnoDB DEFAULT CHARSET=latin1 AUTO_INCREMENT=1 ;

-- --------------------------------------------------------

--
-- Table structure for table `tbl_multilang`
--

CREATE TABLE IF NOT EXISTS `tbl_multilang` (
  `multilang_id` int(10) unsigned NOT NULL AUTO_INCREMENT,
  `page` varchar(30) COLLATE utf8_unicode_ci NOT NULL,
  `type` tinyint(4) NOT NULL,
  `name` varchar(30) COLLATE utf8_unicode_ci NOT NULL,
  `value` varchar(255) COLLATE utf8_unicode_ci NOT NULL,
  `language_id` char(2) COLLATE utf8_unicode_ci NOT NULL,
  `update_time` timestamp NOT NULL DEFAULT '0000-00-00 00:00:00' ON UPDATE CURRENT_TIMESTAMP,
  PRIMARY KEY (`multilang_id`),
  KEY `page` (`page`)
) ENGINE=MyISAM  DEFAULT CHARSET=utf8 COLLATE=utf8_unicode_ci AUTO_INCREMENT=3347 ;

--
-- Dumping data for table `tbl_multilang`
--

INSERT INTO `tbl_multilang` (`multilang_id`, `page`, `type`, `name`, `value`, `language_id`, `update_time`) VALUES
(2430, 'profile', 1, 'status', 'Trạng thái', 'vi', '2017-01-06 22:06:26'),
(2455, 'profile', 1, 'no-file-chosen', 'No file chosen', 'en', '2017-01-06 22:06:26'),
(2454, 'profile', 1, 'old-password', 'Mật khẩu cũ', 'vi', '2017-01-06 22:06:26'),
(2453, 'profile', 1, 'old-password', 'Old password', 'en', '2017-01-06 22:06:26'),
(2452, 'profile', 1, 'acounnt-email', 'Email tài khoản', 'vi', '2017-01-06 22:06:26'),
(2451, 'profile', 1, 'acounnt-email', 'Account email', 'en', '2017-01-06 22:06:26'),
(2450, 'profile', 1, 'new-password', 'Mật khẩu mới', 'vi', '2017-01-06 22:06:26'),
(2449, 'profile', 1, 'new-password', 'New password', 'en', '2017-01-06 22:06:26'),
(2447, 'profile', 1, 'confirm-password', 'Confirm password', 'en', '2017-01-06 22:06:26'),
(2448, 'profile', 1, 'confirm-password', 'Nhập lại mật khẩu', 'vi', '2017-01-06 22:06:26'),
(2446, 'profile', 1, 'change-password', 'Đổi mật khẩu', 'vi', '2017-01-06 22:06:26'),
(2445, 'profile', 1, 'change-password', 'Change password', 'en', '2017-01-06 22:06:26'),
(2444, 'profile', 1, 'title-box-information', 'Thông tin tài khoản', 'vi', '2017-01-06 22:06:26'),
(2440, 'profile', 1, 'address', 'Địa chỉ', 'vi', '2017-01-06 22:06:26'),
(2441, 'profile', 1, 'save', 'Save', 'en', '2017-01-06 22:06:26'),
(2442, 'profile', 1, 'save', 'Lưu', 'vi', '2017-01-06 22:06:26'),
(2443, 'profile', 1, 'title-box-information', 'Account information', 'en', '2017-01-06 22:06:26'),
(2439, 'profile', 1, 'address', 'Address', 'en', '2017-01-06 22:06:26'),
(2438, 'profile', 1, 'transaction-history', 'Lịch sử giao dịch', 'vi', '2017-01-06 22:06:26'),
(2437, 'profile', 1, 'transaction-history', 'Transaction history', 'en', '2017-01-06 22:06:26'),
(405, 'boughtgrid', 1, '', '', '', '2016-12-22 10:03:33'),
(2496, 'boughtgrid', 1, 'capacity', 'Dung lượng', 'vi', '2017-01-06 22:10:52'),
(2495, 'boughtgrid', 1, 'capacity', 'Capacity', 'en', '2017-01-06 22:10:52'),
(2494, 'boughtgrid', 1, 'bandwidth', 'Băng thông', 'vi', '2017-01-06 22:10:52'),
(2487, 'boughtgrid', 1, 'cancel', 'Cancel', 'en', '2017-01-06 22:10:52'),
(2484, 'boughtgrid', 1, 'number-of-days-remaining', 'Số ngày còn', 'vi', '2017-01-06 22:10:52'),
(2474, 'boughtgrid', 1, 'input-template-name', 'Nhập tên template', 'vi', '2017-01-06 22:10:52'),
(448, 'confirmcart', 1, '', '', '', '2016-12-22 17:01:48'),
(2701, 'confirmcart', 1, 'thankyou-message', 'Cảm ơn bạn đã mua hàng', 'vi', '2017-01-06 23:09:56'),
(2702, 'error_message', 1, '', '', '', '2017-01-12 03:53:12'),
(2699, 'confirmcart', 1, 'checkbox-accept', 'Đồng ý nhận email hướng dẫn', 'vi', '2017-01-06 23:09:56'),
(2169, '_payment', 1, '', '', '', '2016-12-27 20:11:03'),
(2700, 'confirmcart', 1, 'thankyou-message', 'Thank you for your purchase', 'en', '2017-01-06 23:09:56'),
(2698, 'confirmcart', 1, 'checkbox-accept', 'Accept to receive our email instructions', 'en', '2017-01-06 23:09:56'),
(2697, 'confirmcart', 1, 'successful-message', 'Thông tin đã được hoàn tất, MNS sẽ hỗ trợ bạn...', 'vi', '2017-01-06 23:09:56'),
(2694, 'confirmcart', 1, 'remember', 'Remember', 'en', '2017-01-06 23:09:56'),
(2695, 'confirmcart', 1, 'remember', 'Ghi nhớ', 'vi', '2017-01-06 23:09:56'),
(2696, 'confirmcart', 1, 'successful-message', 'Information has been completed, MNS will support to you ...', 'en', '2017-01-06 23:09:56'),
(2693, 'confirmcart', 1, 'forget-password', 'Quên mật khẩu?', 'vi', '2017-01-06 23:09:56'),
(2692, 'confirmcart', 1, 'forget-password', 'Forget password?', 'en', '2017-01-06 23:09:56'),
(2691, 'confirmcart', 1, 'incorrect-password', 'Mật khẩu không chính xác', 'vi', '2017-01-06 23:09:56'),
(2690, 'confirmcart', 1, 'incorrect-password', 'Password is not correct', 'en', '2017-01-06 23:09:56'),
(2689, 'confirmcart', 1, 'email', 'Email', 'vi', '2017-01-06 23:09:56'),
(2688, 'confirmcart', 1, 'email', 'Email', 'en', '2017-01-06 23:09:56'),
(2687, 'confirmcart', 1, 'first-purchase', 'Lần đầu mua hàng', 'vi', '2017-01-06 23:09:56'),
(2686, 'confirmcart', 1, 'first-purchase', 'First purchase', 'en', '2017-01-06 23:09:56'),
(2676, 'confirmcart', 1, 'confirm-info', 'Confirm information', 'en', '2017-01-06 23:09:56'),
(2685, 'confirmcart', 1, 'password', 'Mật khẩu', 'vi', '2017-01-06 23:09:56'),
(2684, 'confirmcart', 1, 'password', 'Password', 'en', '2017-01-06 23:09:56'),
(2683, 'confirmcart', 1, 'login', 'Đăng nhập', 'vi', '2017-01-06 23:09:56'),
(2682, 'confirmcart', 1, 'login', 'Login', 'en', '2017-01-06 23:09:56'),
(2681, 'confirmcart', 1, 'incorrect-email', 'Email không đúng', 'vi', '2017-01-06 23:09:56'),
(2680, 'confirmcart', 1, 'incorrect-email', 'Email is not correct', 'en', '2017-01-06 23:09:56'),
(2679, 'confirmcart', 1, 'purchased', 'Đã mua', 'vi', '2017-01-06 23:09:56'),
(2678, 'confirmcart', 1, 'purchased', 'Bought', 'en', '2017-01-06 23:09:56'),
(2677, 'confirmcart', 1, 'confirm-info', 'Xác nhận thông tin', 'vi', '2017-01-06 23:09:56'),
(2675, 'confirmcart', 1, 'cart-information', 'Thông tin giỏ hàng', 'vi', '2017-01-06 23:09:56'),
(2674, 'confirmcart', 1, 'cart-information', 'Cart information', 'en', '2017-01-06 23:09:56'),
(2673, 'confirmcart', 1, 'check-out', 'Thanh toán', 'vi', '2017-01-06 23:09:56'),
(2672, 'confirmcart', 1, 'check-out', 'Check out', 'en', '2017-01-06 23:09:56'),
(2671, 'confirmcart', 1, 'add-option', 'Thêm tính năng', 'vi', '2017-01-06 23:09:56'),
(2670, 'confirmcart', 1, 'add-option', 'Add option', 'en', '2017-01-06 23:09:56'),
(2669, 'confirmcart', 1, 'payment-information', 'Thông tin thanh toán', 'vi', '2017-01-06 23:09:56'),
(2668, 'confirmcart', 1, 'payment-information', 'Payment information', 'en', '2017-01-06 23:09:56'),
(2663, 'confirmcart', 1, 'name', 'Tên thường gọi', 'vi', '2017-01-06 23:09:56'),
(2666, 'confirmcart', 1, 'cost', 'Cost', 'en', '2017-01-06 23:09:56'),
(2667, 'confirmcart', 1, 'cost', 'Chi phí', 'vi', '2017-01-06 23:09:56'),
(2664, 'confirmcart', 1, 'template-plaza', 'Template plaza', 'en', '2017-01-06 23:09:56'),
(2665, 'confirmcart', 1, 'template-plaza', 'Template plaza', 'vi', '2017-01-06 23:09:56'),
(2662, 'confirmcart', 1, 'name', 'Name', 'en', '2017-01-06 23:09:56'),
(2661, 'confirmcart', 1, 'total-payment', 'Tổng tiền thanh toán', 'vi', '2017-01-06 23:09:56'),
(2660, 'confirmcart', 1, 'total-payment', 'Total payment', 'en', '2017-01-06 23:09:56'),
(573, 'confirmcartblank', 1, '', '', '', '2016-12-22 10:12:26'),
(596, 'confirmcartblank', 1, 'cart-information', 'Cart information', 'en', '2016-12-22 10:12:26'),
(594, 'confirmcartblank', 1, 'template-plaza', 'Template plaza', 'en', '2016-12-22 10:12:26'),
(595, 'confirmcartblank', 1, 'template-plaza', 'Template plaza', 'vi', '2016-12-22 10:12:26'),
(592, 'confirmcartblank', 1, 'message', 'Please move back to choose DS to buy and experience digital signage with ', 'en', '2016-12-22 10:12:26'),
(593, 'confirmcartblank', 1, 'message', 'Vui lòng quay lại chọn DS để mua và trải nghiệm Digital Signage cùng ', 'vi', '2016-12-22 10:12:26'),
(591, 'confirmcartblank', 1, 'status-cart', 'Hiện chưa có DS nào được thêm vào giỏ hàng.', 'vi', '2016-12-22 10:12:26'),
(590, 'confirmcartblank', 1, 'status-cart', 'There is currently no DS added to the cart.', 'en', '2016-12-22 10:12:26'),
(597, 'confirmcartblank', 1, 'cart-information', 'Thông tin giỏ hàng', 'vi', '2016-12-22 10:12:26'),
(598, 'detail', 1, '', '', '', '2016-12-22 19:17:19'),
(745, 'detail', 1, 'price', '- Price:', 'en', '2016-12-22 20:03:08'),
(744, 'detail', 1, 'purchase', 'Mua hàng', 'vi', '2016-12-22 20:03:08'),
(743, 'detail', 1, 'purchase', 'Purchase', 'en', '2016-12-22 20:03:08'),
(741, 'detail', 1, 'application', 'Application of', 'en', '2016-12-22 20:03:08'),
(742, 'detail', 1, 'application', 'Ứng dụng của', 'vi', '2016-12-22 20:03:08'),
(740, 'detail', 1, 'template-plaza', 'Template plaza', 'vi', '2016-12-22 20:03:08'),
(739, 'detail', 1, 'template-plaza', 'Template plaza', 'en', '2016-12-22 20:03:08'),
(738, 'detail', 1, 'add-to-cart', 'Mua hàng', 'vi', '2016-12-22 20:03:08'),
(736, 'detail', 1, 'detail-instructions', 'Hướng dẫn chi tiết về', 'vi', '2016-12-22 20:03:08'),
(737, 'detail', 1, 'add-to-cart', 'Purchase', 'en', '2016-12-22 20:03:08'),
(733, 'detail', 1, 'ads', 'MNS.TV designs layouts set in the shopping malls', 'en', '2016-12-22 20:03:08'),
(734, 'detail', 1, 'ads', 'MNS.TV thiết kế giao diện đặt tại các trung tâm thương mại', 'vi', '2016-12-22 20:03:08'),
(735, 'detail', 1, 'detail-instructions', 'Detail instructions about', 'en', '2016-12-22 20:03:08'),
(732, 'detail', 1, 'same-service', '[DS] cùng dịch vụ', 'vi', '2016-12-22 20:03:08'),
(730, 'detail', 1, 'product-description', 'Mô tả sản phẩm', 'vi', '2016-12-22 20:03:08'),
(731, 'detail', 1, 'same-service', 'same service [DS]', 'en', '2016-12-22 20:03:08'),
(729, 'detail', 1, 'product-description', 'Product description', 'en', '2016-12-22 20:03:08'),
(728, 'detail', 1, 'detail-information', 'Thông tin chi tiết', 'vi', '2016-12-22 20:03:08'),
(649, 'detail_landscape', 1, '', '', '', '2016-12-22 10:10:32'),
(727, 'detail', 1, 'detail-information', 'Detail information', 'en', '2016-12-22 20:03:08'),
(2558, 'detail_landscape', 1, 'back', 'Quay lại', 'vi', '2017-01-06 22:18:44'),
(2561, 'static_footer', 2, '', '', '', '2017-01-06 22:28:57'),
(2557, 'detail_landscape', 1, 'back', 'Back', 'en', '2017-01-06 22:18:44'),
(2553, 'detail_landscape', 1, 'service', 'Service', 'en', '2017-01-06 22:18:44'),
(2554, 'detail_landscape', 1, 'service', 'Dịch vụ', 'vi', '2017-01-06 22:18:44'),
(2546, 'detail_landscape', 1, 'ads', 'MNS.TV thiết kế giao diện đặt tại các trung tâm thương mại', 'vi', '2017-01-06 22:18:44'),
(2547, 'detail_landscape', 1, 'product-description', 'Product description', 'en', '2017-01-06 22:18:44'),
(2548, 'detail_landscape', 1, 'product-description', 'Mô tả sản phẩm', 'vi', '2017-01-06 22:18:44'),
(2549, 'detail_landscape', 1, 'same-service', 'Same sevice [DS]', 'en', '2017-01-06 22:18:44'),
(2550, 'detail_landscape', 1, 'same-service', '[DS] cùng dịch vụ', 'vi', '2017-01-06 22:18:44'),
(2551, 'detail_landscape', 1, 'template-plaza', 'Template Plaza', 'en', '2017-01-06 22:18:44'),
(2552, 'detail_landscape', 1, 'template-plaza', 'Template plaza', 'vi', '2017-01-06 22:18:44'),
(2545, 'detail_landscape', 1, 'ads', 'MNS.TV designs layouts set in the shopping malls', 'en', '2017-01-06 22:18:44'),
(706, 'detail_portrait', 1, '', '', '', '2016-12-22 19:55:25'),
(746, 'detail', 1, 'price', '- Gía: ', 'vi', '2016-12-22 20:03:08'),
(2542, 'detail_portrait', 1, 'detail-instructions', 'Hướng dẫn chi tiết về', 'vi', '2017-01-06 22:18:04'),
(2556, 'detail_landscape', 1, 'purchase', 'Mua hàng', 'vi', '2017-01-06 22:18:44'),
(2540, 'detail_portrait', 1, 'service', 'Dịch vụ', 'vi', '2017-01-06 22:18:04'),
(2541, 'detail_portrait', 1, 'detail-instructions', 'Detail instructions about', 'en', '2017-01-06 22:18:04'),
(2539, 'detail_portrait', 1, 'service', 'Service', 'en', '2017-01-06 22:18:04'),
(2538, 'detail_portrait', 1, 'back', 'Quay lại', 'vi', '2017-01-06 22:18:04'),
(2537, 'detail_portrait', 1, 'back', 'Back', 'en', '2017-01-06 22:18:04'),
(2534, 'detail_portrait', 1, 'template-plaza', 'Template plaza', 'vi', '2017-01-06 22:18:04'),
(2536, 'detail_portrait', 1, 'purchase', 'Mua hàng', 'vi', '2017-01-06 22:18:04'),
(2535, 'detail_portrait', 1, 'purchase', 'Buy', 'en', '2017-01-06 22:18:04'),
(2531, 'detail_portrait', 1, 'same-service', 'Same service [DS]', 'en', '2017-01-06 22:18:04'),
(2532, 'detail_portrait', 1, 'same-service', '[DS] cùng dịch vụ', 'vi', '2017-01-06 22:18:04'),
(2533, 'detail_portrait', 1, 'template-plaza', 'Template plaza', 'en', '2017-01-06 22:18:04'),
(2529, 'detail_portrait', 1, 'product-description', 'Product description', 'en', '2017-01-06 22:18:04'),
(763, 'error', 1, '', '', '', '2016-12-22 20:07:33'),
(764, 'error', 1, 'message2', 'Vui lòng liên hệ với chúng tôi nếu bạn nghĩ  lỗi là do server. Cảm ơn!', 'en', '2016-12-22 20:11:39'),
(765, 'error', 1, 'message2', 'Please contact us if you think this is a server error. Thank you.', 'vi', '2016-12-22 20:11:39'),
(766, 'error', 1, 'message1', 'Đã xảy ra lỗi trong khi máy chủ xử lý yêu cầu của bạn', 'en', '2016-12-22 20:11:39'),
(767, 'error', 1, 'message1', 'The above error occurred while the Web server was processing your request.', 'vi', '2016-12-22 20:11:39'),
(768, 'plaza', 1, '', '', '', '2016-12-22 20:13:38'),
(3324, 'plaza', 1, 'random-template', 'Random template', 'en', '2017-01-13 20:09:54'),
(3325, 'plaza', 1, 'random-template', 'Template ngẫu nhiên', 'vi', '2017-01-13 20:09:54'),
(3323, 'plaza', 1, 'no_result_via_search', 'Không có kết quả theo yêu cầu tìm kiếm của bạn', 'vi', '2017-01-13 20:09:54'),
(3322, 'plaza', 1, 'no_result_via_search', 'No results according to your search request', 'en', '2017-01-13 20:09:54'),
(3321, 'plaza', 1, 'dark-template', 'Template tối', 'vi', '2017-01-13 20:09:54'),
(3320, 'plaza', 1, 'dark-template', 'Dark template', 'en', '2017-01-13 20:09:54'),
(3319, 'plaza', 1, 'light-template', 'Template sáng', 'vi', '2017-01-13 20:09:54'),
(3317, 'plaza', 1, 'portrait-template', 'Template đứng', 'vi', '2017-01-13 20:09:54'),
(3318, 'plaza', 1, 'light-template', 'Light template', 'en', '2017-01-13 20:09:54'),
(3315, 'plaza', 1, 'landscape-template', 'Template ngang', 'vi', '2017-01-13 20:09:54'),
(3316, 'plaza', 1, 'portrait-template', 'Portrait template', 'en', '2017-01-13 20:09:54'),
(785, 'runcode', 1, '', '', '', '2016-12-22 20:30:43'),
(786, 'runcode', 1, 'message', 'Please input runcode to experience mns.tv', 'en', '2016-12-22 20:33:37'),
(787, 'runcode', 1, 'message', 'Hãy nhập mã code để trải nghiệm mns.tv', 'vi', '2016-12-22 20:33:37'),
(788, 'searchgrid', 1, '', '', '', '2016-12-22 20:35:08'),
(789, 'searchgrid', 1, 'dark-template', 'dark-template', 'en', '2016-12-22 20:43:41'),
(790, 'searchgrid', 1, 'dark-template', 'Template tối', 'vi', '2016-12-22 20:43:41'),
(791, 'searchgrid', 1, 'light template', 'Light template', 'en', '2016-12-22 20:43:41'),
(792, 'searchgrid', 1, 'light template', 'Template sáng', 'vi', '2016-12-22 20:43:41'),
(793, 'searchgrid', 1, 'portrait-template', 'portrait-template', 'en', '2016-12-22 20:43:41'),
(794, 'searchgrid', 1, 'portrait-template', 'Template đứng', 'vi', '2016-12-22 20:43:41'),
(795, 'searchgrid', 1, 'random-template', 'Random template', 'en', '2016-12-22 20:43:41'),
(796, 'searchgrid', 1, 'random-template', 'Template ngẫu nhiên', 'vi', '2016-12-22 20:43:41'),
(797, 'searchgrid', 1, 'landscape-template', 'Landscape template', 'en', '2016-12-22 20:43:41'),
(798, 'searchgrid', 1, 'landscape-template', 'Template ngang', 'vi', '2016-12-22 20:43:41'),
(799, 'searchgrid', 1, 'sort-by', 'Sort by:', 'en', '2016-12-22 20:43:41'),
(800, 'searchgrid', 1, 'sort-by', 'Sắp xếp theo: ', 'vi', '2016-12-22 20:43:41'),
(801, 'searchgrid', 1, 'searching', 'searching', 'en', '2016-12-22 20:43:41'),
(802, 'searchgrid', 1, 'searching', 'Nhập thông tin cần tìm', 'vi', '2016-12-22 20:43:41'),
(803, 'showconfirmcart', 1, '', '', '', '2016-12-22 20:48:20'),
(804, 'showconfirmcart', 1, 'total-payment', 'Total payment', 'en', '2016-12-22 20:50:13'),
(805, 'showconfirmcart', 1, 'total-payment', 'Tổng tiền thanh toán', 'vi', '2016-12-22 20:50:13'),
(806, 'showshoppingcart', 1, '', '', '', '2016-12-22 10:07:16'),
(820, 'showshoppingcart', 1, 'view-cart', 'Giỏ hàng', 'vi', '2016-12-22 10:07:16'),
(819, 'showshoppingcart', 1, 'view-cart', 'View cart', 'en', '2016-12-22 10:07:16'),
(818, 'showshoppingcart', 1, 'check-out', 'Thanh toán', 'vi', '2016-12-22 10:07:16'),
(817, 'showshoppingcart', 1, 'check-out', 'Check out', 'en', '2016-12-22 10:07:16'),
(816, 'showshoppingcart', 1, 'total', 'Tổng tiền', 'vi', '2016-12-22 10:07:16'),
(815, 'showshoppingcart', 1, 'total', 'Total', 'en', '2016-12-22 10:07:16'),
(821, '_bought', 1, '', '', '', '2016-12-22 20:58:35'),
(828, '_bought', 1, 'message1', 'You have not paid', 'en', '2016-12-22 21:05:20'),
(827, '_bought', 1, 'message2', 'Vui Lòng Thanh Toán Để Trải Nghiệm MNS.TV', 'vi', '2016-12-22 21:05:20'),
(826, '_bought', 1, 'message2', 'Please pay to experience MNS.TV', 'en', '2016-12-22 21:05:20'),
(829, '_bought', 1, 'message1', 'Bạn chưa thanh toán', 'vi', '2016-12-22 21:05:20'),
(830, '_bounghtgrid', 1, '', '', '', '2016-12-22 21:07:21'),
(864, '_bounghtgrid', 1, 'expiration-date', 'Ngày hết hạn', 'vi', '2016-12-22 21:16:28'),
(863, '_bounghtgrid', 1, 'expiration-date', 'Expiration date', 'en', '2016-12-22 21:16:28'),
(862, '_bounghtgrid', 1, 'edit', 'Sửa', 'vi', '2016-12-22 21:16:28'),
(861, '_bounghtgrid', 1, 'edit', 'Edit', 'en', '2016-12-22 21:16:28'),
(860, '_bounghtgrid', 1, 'extend', 'Mở rộng', 'vi', '2016-12-22 21:16:28'),
(859, '_bounghtgrid', 1, 'extend', 'Extend', 'en', '2016-12-22 21:16:28'),
(858, '_bounghtgrid', 1, 'clone', 'Clone', 'vi', '2016-12-22 21:16:28'),
(857, '_bounghtgrid', 1, 'clone', 'Clone', 'en', '2016-12-22 21:16:28'),
(856, '_bounghtgrid', 1, 'view', 'Xem', 'vi', '2016-12-22 21:16:28'),
(855, '_bounghtgrid', 1, 'view', 'View', 'en', '2016-12-22 21:16:28'),
(865, '_bounghtgrid', 1, 'download', 'Download', 'en', '2016-12-22 21:16:28'),
(866, '_bounghtgrid', 1, 'download', 'Tải xuống', 'vi', '2016-12-22 21:16:28'),
(868, '_plaza', 1, '', '', '', '2016-12-22 21:29:45'),
(869, '_plaza', 1, 'purchased', 'Purchased', 'en', '2016-12-22 21:37:04'),
(870, '_plaza', 1, 'purchased', 'Đã mua', 'vi', '2016-12-22 21:37:04'),
(871, '_plazapaging', 1, '', '', '', '2016-12-22 21:38:54'),
(872, '_plazapaging', 1, 'purchased', 'Purchased', 'en', '2016-12-22 21:39:58'),
(873, '_plazapaging', 1, 'purchased', 'Đã mua', 'vi', '2016-12-22 21:39:58'),
(874, '_detail2', 1, '', '', '', '2016-12-22 21:42:01'),
(875, '_detail2', 1, 'purchased', 'Purchased', 'en', '2016-12-22 21:42:53'),
(876, '_detail2', 1, 'purchased', 'Đã mua', 'vi', '2016-12-22 21:42:53'),
(877, '_searchgrid', 1, '', '', '', '2016-12-22 21:44:09'),
(881, '_searchgrid', 1, 'Purchased', 'Đã mua', 'vi', '2016-12-22 21:48:37'),
(880, '_searchgrid', 1, 'Purchased', 'Purchased', 'en', '2016-12-22 21:48:37'),
(882, '_showshoppingcart', 1, '', '', '', '2016-12-22 21:56:00'),
(883, '_showshoppingcart', 1, 'added-to-cart', 'Added to cart', 'en', '2016-12-22 21:57:26'),
(884, '_showshoppingcart', 1, 'added-to-cart', 'Đã thêm vào giỏ hàng', 'vi', '2016-12-22 21:57:26'),
(2504, 'boughtgrid', 1, 'current-capacity', 'Dung lượng hiện có', 'vi', '2017-01-06 22:10:52'),
(2503, 'boughtgrid', 1, 'current-capacity', 'Current capacity', 'en', '2017-01-06 22:10:52'),
(2502, 'boughtgrid', 1, 'buy-additional-capacity', 'Dung lượng mua thêm', 'vi', '2017-01-06 22:10:52'),
(2501, 'boughtgrid', 1, 'buy-additional-capacity', 'Buy additional capacity', 'en', '2017-01-06 22:10:52'),
(2500, 'boughtgrid', 1, 'time', 'Thời gian', 'vi', '2017-01-06 22:10:52'),
(2499, 'boughtgrid', 1, 'time', 'Time', 'en', '2017-01-06 22:10:52'),
(2498, 'boughtgrid', 1, 'increasing-capacity', 'Tăng dung lượng', 'vi', '2017-01-06 22:10:52'),
(2497, 'boughtgrid', 1, 'increasing-capacity', 'Increasing capacity', 'en', '2017-01-06 22:10:52'),
(2493, 'boughtgrid', 1, 'bandwidth', 'Bandwidth', 'en', '2017-01-06 22:10:52'),
(2492, 'boughtgrid', 1, 'cost', 'Chi phí', 'vi', '2017-01-06 22:10:52'),
(2491, 'boughtgrid', 1, 'cost', 'Cost', 'en', '2017-01-06 22:10:52'),
(2490, 'boughtgrid', 1, 'check-out', 'Thanh toán', 'vi', '2017-01-06 22:10:52'),
(2489, 'boughtgrid', 1, 'check-out', 'Check out', 'en', '2017-01-06 22:10:52'),
(2488, 'boughtgrid', 1, 'cancel', 'Hủy', 'vi', '2017-01-06 22:10:52'),
(2486, 'boughtgrid', 1, 'entension-of-time', 'Gia hạn thời gian sử dụng', 'vi', '2017-01-06 22:10:52'),
(2485, 'boughtgrid', 1, 'entension-of-time', 'Entension of time', 'en', '2017-01-06 22:10:52'),
(2483, 'boughtgrid', 1, 'number-of-days-remaining', 'Number of days remaining', 'en', '2017-01-06 22:10:52'),
(2482, 'boughtgrid', 1, 'extend', 'Gia hạn', 'vi', '2017-01-06 22:10:52'),
(2481, 'boughtgrid', 1, 'extend', 'Extend', 'en', '2017-01-06 22:10:52'),
(2480, 'boughtgrid', 1, 'discount', 'Giảm giá', 'vi', '2017-01-06 22:10:52'),
(2479, 'boughtgrid', 1, 'discount', 'Discount', 'en', '2017-01-06 22:10:52'),
(2478, 'boughtgrid', 1, 'clone', 'Clone', 'vi', '2017-01-06 22:10:52'),
(2477, 'boughtgrid', 1, 'clone', 'Clone', 'en', '2017-01-06 22:10:52'),
(2476, 'boughtgrid', 1, 'searching-template', 'Tìm kiếm template', 'vi', '2017-01-06 22:10:52'),
(2475, 'boughtgrid', 1, 'searching-template', 'Search template', 'en', '2017-01-06 22:10:52'),
(2473, 'boughtgrid', 1, 'input-template-name', 'Input template''s name', 'en', '2017-01-06 22:10:52'),
(2555, 'detail_landscape', 1, 'purchase', 'Buy', 'en', '2017-01-06 22:18:44'),
(2436, 'profile', 1, 'phone', 'Số điện thoại', 'vi', '2017-01-06 22:06:26'),
(2434, 'profile', 1, 'item', 'Sản phẩm', 'vi', '2017-01-06 22:06:26'),
(2435, 'profile', 1, 'phone', 'Phone', 'en', '2017-01-06 22:06:26'),
(2433, 'profile', 1, 'item', 'Item', 'en', '2017-01-06 22:06:26'),
(2432, 'profile', 1, 'transaction-date', 'Ngày giao dịch', 'vi', '2017-01-06 22:06:26'),
(2428, 'profile', 1, 'total', 'Tổng tiền', 'vi', '2017-01-06 22:06:26'),
(2429, 'profile', 1, 'status', 'Status', 'en', '2017-01-06 22:06:26'),
(919, 'main_edit', 2, '', '', '', '2016-12-22 22:18:39'),
(2560, 'main_edit', 2, 'bought', 'Template đã mua', 'vi', '2017-01-06 22:20:05'),
(2559, 'main_edit', 2, 'bought', 'Bought template', 'en', '2017-01-06 22:20:05'),
(922, 'popup', 2, '', '', '', '2016-12-22 22:23:50'),
(1362, 'popup', 2, 'mr', 'Anh', 'vi', '2016-12-23 15:24:17'),
(1359, 'popup', 2, 'ms', 'Ms', 'en', '2016-12-23 15:24:17'),
(1360, 'popup', 2, 'ms', 'Chị', 'vi', '2016-12-23 15:24:17'),
(1361, 'popup', 2, 'mr', 'Mr', 'en', '2016-12-23 15:24:17'),
(1357, 'popup', 2, 'message_checkbox', 'Please check ', 'en', '2016-12-23 15:24:17'),
(1358, 'popup', 2, 'message_checkbox', 'Vui lòng chọn ', 'vi', '2016-12-23 15:24:17'),
(1356, 'popup', 2, 'accept', 'Đồng ý nhận mail hướng dẫn', 'vi', '2016-12-23 15:24:17'),
(1355, 'popup', 2, 'accept', 'Accept to receive our instruction mail', 'en', '2016-12-23 15:24:17'),
(1354, 'popup', 2, 'trial', 'Dùng thử', 'vi', '2016-12-23 15:24:17'),
(1353, 'popup', 2, 'trial', 'Trial', 'en', '2016-12-23 15:24:17'),
(1351, 'popup', 2, 'message_password', 'Please enter your password', 'en', '2016-12-23 15:24:17'),
(1352, 'popup', 2, 'message_password', 'Vui lòng nhập mật khẩu', 'vi', '2016-12-23 15:24:17'),
(1349, 'popup', 2, 'password', 'Password', 'en', '2016-12-23 15:24:17'),
(1350, 'popup', 2, 'password', 'Mật khẩu', 'vi', '2016-12-23 15:24:17'),
(1348, 'popup', 2, 'remember', 'Ghi nhớ', 'vi', '2016-12-23 15:24:17'),
(1347, 'popup', 2, 'remember', 'Remember', 'en', '2016-12-23 15:24:17'),
(1346, 'popup', 2, 'login', 'Đăng nhập', 'vi', '2016-12-23 15:24:17'),
(1345, 'popup', 2, 'login', 'Login', 'en', '2016-12-23 15:24:17'),
(1344, 'popup', 2, 'forget-password', 'Quên mật khẩu?', 'vi', '2016-12-23 15:24:17'),
(1343, 'popup', 2, 'forget-password', 'Forget password?', 'en', '2016-12-23 15:24:17'),
(1341, 'popup', 2, 'confirm-info', 'Confirm information', 'en', '2016-12-23 15:24:17'),
(1342, 'popup', 2, 'confirm-info', 'Xác nhận thông tin', 'vi', '2016-12-23 15:24:17'),
(1340, 'popup', 2, 'login1', 'Đăng nhập?', 'vi', '2016-12-23 15:24:17'),
(1339, 'popup', 2, 'login1', 'Login?', 'en', '2016-12-23 15:24:17'),
(1338, 'popup', 2, 'thankyou', 'Cảm ơn!', 'vi', '2016-12-23 15:24:17'),
(1337, 'popup', 2, 'thankyou', 'Thank you!', 'en', '2016-12-23 15:24:17'),
(1335, 'popup', 2, 'successful-message', 'Please read our instructions in your email', 'en', '2016-12-23 15:24:17'),
(963, 'static_head', 2, '', '', '', '2016-12-23 07:38:19'),
(1247, 'static_head', 2, 'title', 'Information', 'en', '2016-12-23 07:38:41'),
(1248, 'static_head', 2, 'title', 'Thông tin', 'vi', '2016-12-23 07:38:38'),
(1244, 'static_head', 2, 'title-plaza', 'Template Plaza - Nơi cung cấp template tốt nhất', 'vi', '2016-12-23 07:38:51'),
(1245, 'static_head', 2, 'title-bought', 'List of purchased templates', 'en', '2016-12-23 07:38:48'),
(1246, 'static_head', 2, 'title-bought', 'Danh sách các template đã mua', 'vi', '2016-12-23 07:38:44'),
(1242, 'static_head', 2, 'og-title', 'Lựa chọn giao diện quảng cáo Digital Menu cho hệ thống MNS TV Digital Signage - MNS TV', 'vi', '2016-12-23 07:38:34'),
(1243, 'static_head', 2, 'title-plaza', 'Template Plaza- Where to get the best templates', 'en', '2016-12-23 07:38:55'),
(1240, 'static_head', 2, 'tilte-home', 'Trang chủ', 'vi', '2016-12-23 07:38:28'),
(1241, 'static_head', 2, 'og-title', 'Select Digital Menu advertising layouts for MNS TV Digital Signage systems', 'en', '2016-12-23 07:38:31'),
(1237, 'static_head', 2, 'description', 'MNS TV provides advertising menu layouts reserved for restaurants and coffee shops with content meticulously designed, eye-catching effect to increase the attraction for customers, improve specialization in catering business models', 'en', '2016-12-23 07:38:21'),
(1239, 'static_head', 2, 'tilte-home', 'Home', 'en', '2016-12-23 07:38:26'),
(1238, 'static_head', 2, 'description', 'MNS TV cung cấp các giao diện thực đơn quảng cáo giành cho các nhà hàng và quán café, với nội dung được thiết kế tỉ mỉ, hiệu ứng bắt mắt, nhằm gia tăng được sự thu hút đối với khách hàng, nâng cao sự chuyên nghiệp khi vận hành mô hình kinh doanh ăn uống', 'vi', '2016-12-23 07:38:23'),
(1072, 'top', 2, '', '', '', '2016-12-22 23:43:06'),
(2525, 'top', 2, 'show-login-popup1', 'Login', 'en', '2017-01-06 22:17:22'),
(2526, 'top', 2, 'show-login-popup1', 'Đăng nhập', 'vi', '2017-01-06 22:17:22'),
(2524, 'top', 2, 'login', 'ĐĂNG NHẬP', 'vi', '2017-01-06 22:17:22'),
(2523, 'top', 2, 'login', 'LOGIN', 'en', '2017-01-06 22:17:22'),
(2521, 'top', 2, 'logout', 'Logout', 'en', '2017-01-06 22:17:22'),
(2522, 'top', 2, 'logout', 'Đăng xuất', 'vi', '2017-01-06 22:17:22'),
(2520, 'top', 2, 'transaction-history', 'Lịch sử giao dịch', 'vi', '2017-01-06 22:17:22'),
(2519, 'top', 2, 'transaction-history', 'Transaction history', 'en', '2017-01-06 22:17:22'),
(1336, 'popup', 2, 'successful-message', 'Xin vui lòng xem hướng dẫn trong email của bạn', 'vi', '2016-12-23 15:24:17'),
(1334, 'popup', 2, 'btn_login', 'ĐĂNG NHẬP', 'vi', '2016-12-23 15:24:17'),
(1333, 'popup', 2, 'btn_login', 'LOGIN', 'en', '2016-12-23 15:24:17'),
(1332, 'popup', 2, 'register', 'Đăng ký', 'vi', '2016-12-23 15:24:17'),
(1331, 'popup', 2, 'register', 'Register', 'en', '2016-12-23 15:24:17'),
(1329, 'popup', 2, 'name', 'Name', 'en', '2016-12-23 15:24:17'),
(1330, 'popup', 2, 'name', 'Tên thường dùng', 'vi', '2016-12-23 15:24:17'),
(1327, 'popup', 2, 'message_email', 'Please enter your email', 'en', '2016-12-23 15:24:17'),
(1328, 'popup', 2, 'message_email', 'Vui lòng nhập email', 'vi', '2016-12-23 15:24:17'),
(1326, 'popup', 2, 'message-name', 'Vui lòng nhập tên', 'vi', '2016-12-23 15:24:17'),
(1325, 'popup', 2, 'message-name', 'Please enter your name', 'en', '2016-12-23 15:24:17'),
(2530, 'detail_portrait', 1, 'product-description', 'Mô tả sản phẩm', 'vi', '2017-01-06 22:18:04'),
(2657, 'confirmcart', 1, 'ms', 'Chị', 'vi', '2017-01-06 23:09:56'),
(2659, 'confirmcart', 1, 'gender', 'Danh xưng', 'vi', '2017-01-06 23:09:56'),
(2658, 'confirmcart', 1, 'gender', 'Gender', 'en', '2017-01-06 23:09:56'),
(2656, 'confirmcart', 1, 'ms', 'Ms', 'en', '2017-01-06 23:09:56'),
(2654, 'confirmcart', 1, 'no', 'No', 'en', '2017-01-06 23:09:56'),
(2655, 'confirmcart', 1, 'no', 'Không', 'vi', '2017-01-06 23:09:56'),
(2653, 'confirmcart', 1, 'yes', 'Có', 'vi', '2017-01-06 23:09:56'),
(2652, 'confirmcart', 1, 'yes', 'Yes', 'en', '2017-01-06 23:09:56'),
(2651, 'confirmcart', 1, 'security-code', 'Mã bào mật', 'vi', '2017-01-06 23:09:56'),
(2650, 'confirmcart', 1, 'security-code', 'Security code', 'en', '2017-01-06 23:09:56'),
(2648, 'confirmcart', 1, 'mr', 'Mr', 'en', '2017-01-06 23:09:56'),
(2649, 'confirmcart', 1, 'mr', 'Anh', 'vi', '2017-01-06 23:09:56'),
(2647, 'confirmcart', 1, 'create-account', 'Tạo tài khoản', 'vi', '2017-01-06 23:09:56'),
(2646, 'confirmcart', 1, 'create-account', 'Create an account', 'en', '2017-01-06 23:09:56'),
(2644, 'confirmcart', 1, 'address', 'Address', 'en', '2017-01-06 23:09:56'),
(2645, 'confirmcart', 1, 'address', 'Địa chỉ', 'vi', '2017-01-06 23:09:56'),
(2643, 'confirmcart', 1, 'incorrect-format-name', 'Tên sai định dạng', 'vi', '2017-01-06 23:09:56'),
(2641, 'confirmcart', 1, 'city', 'Thành phố', 'vi', '2017-01-06 23:09:56'),
(2642, 'confirmcart', 1, 'incorrect-format-name', 'Name is not correct format', 'en', '2017-01-06 23:09:56'),
(2639, 'confirmcart', 1, 'confirm-email', 'Xác nhận email', 'vi', '2017-01-06 23:09:56'),
(2640, 'confirmcart', 1, 'city', 'City', 'en', '2017-01-06 23:09:56'),
(2637, 'confirmcart', 1, 'phone', 'Điện thoại', 'vi', '2017-01-06 23:09:56'),
(2638, 'confirmcart', 1, 'confirm-email', 'Confirm email', 'en', '2017-01-06 23:09:56'),
(2636, 'confirmcart', 1, 'phone', 'Phone', 'en', '2017-01-06 23:09:56'),
(2278, '_payment', 1, 'service_type_2', 'Dịch vụ tính theo giờ', 'vi', '2016-12-28 19:39:10'),
(2277, '_payment', 1, 'service_type_2', 'Hourly', 'en', '2016-12-28 19:39:10'),
(2276, '_payment', 1, 'order_status_1', 'Đã đặt hàng nhưng chưa chuyển tiền', 'vi', '2016-12-28 19:39:10'),
(2275, '_payment', 1, 'order_status_1', 'Ordered but not tranfers', 'en', '2016-12-28 19:39:10'),
(2274, '_payment', 1, 'order_status_-1', 'Đã hủy', 'vi', '2016-12-28 19:39:10'),
(2273, '_payment', 1, 'order_status_-1', 'Canceled', 'en', '2016-12-28 19:39:10'),
(2272, '_payment', 1, 'order_status_3', 'Đang thực hiện', 'vi', '2016-12-28 19:39:10'),
(2270, '_payment', 1, 'order_status_0', 'Hoàn tất', 'vi', '2016-12-28 19:39:10'),
(2271, '_payment', 1, 'order_status_3', 'Processing', 'en', '2016-12-28 19:39:10'),
(2268, '_payment', 1, 'order_status_10', 'Chờ chuyển tiền', 'vi', '2016-12-28 19:39:10'),
(2269, '_payment', 1, 'order_status_0', 'Completed', 'en', '2016-12-28 19:39:10'),
(2267, '_payment', 1, 'order_status_10', 'Payment', 'en', '2016-12-28 19:39:10'),
(2266, '_payment', 1, 'order_status_11', 'Đã nhận tiền', 'vi', '2016-12-28 19:39:10'),
(2265, '_payment', 1, 'order_status_11', 'Payment completed', 'en', '2016-12-28 19:39:10'),
(2263, '_payment', 1, 'order_status_13', 'Processing', 'en', '2016-12-28 19:39:10'),
(2264, '_payment', 1, 'order_status_13', 'Đang thực hiện', 'vi', '2016-12-28 19:39:10'),
(2262, '_payment', 1, 'order_status_14', 'Thao tác hoàn tất', 'vi', '2016-12-28 19:39:10'),
(2261, '_payment', 1, 'order_status_14', 'Service Done', 'en', '2016-12-28 19:39:10'),
(2260, '_payment', 1, 'order_status_4', 'Thao tác hoàn tất', 'vi', '2016-12-28 19:39:10'),
(2259, '_payment', 1, 'order_status_4', 'Service Done', 'en', '2016-12-28 19:39:10'),
(2258, '_payment', 1, 'order_type_1', 'Paypal', 'vi', '2016-12-28 19:39:10'),
(2256, '_payment', 1, 'order_type_2', 'COD', 'vi', '2016-12-28 19:39:10'),
(2257, '_payment', 1, 'order_type_1', 'Paypal', 'en', '2016-12-28 19:39:10'),
(2254, '_payment', 1, 'service_type_1', 'Thanh toán 1 lần', 'vi', '2016-12-28 19:39:10'),
(2255, '_payment', 1, 'order_type_2', 'COD', 'en', '2016-12-28 19:39:10'),
(2253, '_payment', 1, 'service_type_1', 'One-time', 'en', '2016-12-28 19:39:10'),
(2518, 'top', 2, 'bought', 'Template đã mua', 'vi', '2017-01-06 22:17:22'),
(2517, 'top', 2, 'bought', 'Bought template', 'en', '2017-01-06 22:17:22'),
(2516, 'top', 2, 'template-plaza', 'Template Plaza', 'vi', '2017-01-06 22:17:22'),
(2515, 'top', 2, 'template-plaza', 'Template Plaza', 'en', '2017-01-06 22:17:22'),
(2431, 'profile', 1, 'transaction-date', 'Transaction date', 'en', '2017-01-06 22:06:26'),
(2427, 'profile', 1, 'total', 'Total', 'en', '2017-01-06 22:06:26'),
(2426, 'profile', 1, 'total-transactions', 'Tổng tiền giao dịch', 'vi', '2017-01-06 22:06:26'),
(2425, 'profile', 1, 'total-transactions', 'Total transactions', 'en', '2017-01-06 22:06:26'),
(2544, 'detail_landscape', 1, 'detail-instructions', 'Hướng dẫn chi tiết về', 'vi', '2017-01-06 22:18:44'),
(2543, 'detail_landscape', 1, 'detail-instructions', 'Detail instructions about', 'en', '2017-01-06 22:18:44'),
(2528, 'detail_portrait', 1, 'ads', 'MNS.TV thiết kế giao diện đặt tại các trung tâm thương mại', 'vi', '2017-01-06 22:18:04'),
(2527, 'detail_portrait', 1, 'ads', 'MNS.TV designs layouts set in the shopping malls', 'en', '2017-01-06 22:18:04'),
(2424, 'profile', 1, 'total-transactions', 'Tổng tiền giao dịch', 'vi', '2017-01-06 22:06:26'),
(2423, 'profile', 1, 'total-transactions', 'Total transactions', 'en', '2017-01-06 22:06:26'),
(2456, 'profile', 1, 'no-file-chosen', 'Chọn một file', 'vi', '2017-01-06 22:06:26'),
(2457, 'profile', 1, 'gender', 'Gender', 'en', '2017-01-06 22:06:26'),
(2458, 'profile', 1, 'gender', 'Danh xưng', 'vi', '2017-01-06 22:06:26'),
(2459, 'profile', 1, 'mr', 'Mr', 'en', '2017-01-06 22:06:26'),
(2460, 'profile', 1, 'mr', 'Anh', 'vi', '2017-01-06 22:06:26'),
(2461, 'profile', 1, 'ms', 'Ms', 'en', '2017-01-06 22:06:26'),
(2462, 'profile', 1, 'ms', 'Chị', 'vi', '2017-01-06 22:06:26'),
(2463, 'profile', 1, 'ordertemplate', 'Bought', 'en', '2017-01-06 22:06:26'),
(2464, 'profile', 1, 'ordertemplate', 'Template đã mua', 'vi', '2017-01-06 22:06:26'),
(2465, 'profile', 1, 'name', 'Name', 'en', '2017-01-06 22:06:26'),
(2466, 'profile', 1, 'name', 'Tên thường gọi', 'vi', '2017-01-06 22:06:26'),
(2467, 'profile', 1, 'order', 'Order', 'en', '2017-01-06 22:06:26'),
(2468, 'profile', 1, 'order', 'Đơn hàng', 'vi', '2017-01-06 22:06:26'),
(2469, 'profile', 1, 'info', 'Profile', 'en', '2017-01-06 22:06:26'),
(2470, 'profile', 1, 'info', 'Thông tin cá nhân', 'vi', '2017-01-06 22:06:26'),
(2471, 'profile', 1, 'avatar', 'Avatar', 'en', '2017-01-06 22:06:26'),
(2472, 'profile', 1, 'avatar', 'Ảnh đại diện', 'vi', '2017-01-06 22:06:26'),
(2505, 'boughtgrid', 1, 'top-deline', 'Storage expansion', 'en', '2017-01-06 22:10:52'),
(2506, 'boughtgrid', 1, 'top-deline', 'Mởrộng lưu trữ', 'vi', '2017-01-06 22:10:52'),
(2507, 'boughtgrid', 1, 'replication', 'Replication', 'en', '2017-01-06 22:10:52'),
(2508, 'boughtgrid', 1, 'replication', 'Nhân bản', 'vi', '2017-01-06 22:10:52'),
(2509, 'boughtgrid', 1, 'checkbox-inline', 'View', 'en', '2017-01-06 22:10:52'),
(2510, 'boughtgrid', 1, 'checkbox-inline', 'Xem', 'vi', '2017-01-06 22:10:52'),
(2511, 'boughtgrid', 1, 'sort-by', 'Sort by:', 'en', '2017-01-06 22:10:52'),
(2512, 'boughtgrid', 1, 'sort-by', 'Sắp xếp theo:', 'vi', '2017-01-06 22:10:52'),
(2513, 'boughtgrid', 1, 'template-ownership', 'Bought', 'en', '2017-01-06 22:10:52'),
(2514, 'boughtgrid', 1, 'template-ownership', 'Template đã mua', 'vi', '2017-01-06 22:10:52'),
(3345, 'static_footer', 2, 'message', 'This item has been purchased, please choose another item to add to cart', 'en', '2017-03-30 18:39:55'),
(3346, 'static_footer', 2, 'message', 'Bạn đã mua template - dịch vụ này, xin vui lòng chọn thêm để đưa vào giỏ hàng', 'vi', '2017-03-30 18:39:55'),
(3309, 'error_message', 1, 'error_fullname_illegal', 'Xin vui lòng không nhập kí tự đặc biệt', 'vi', '2017-01-13 15:05:27'),
(3314, 'plaza', 1, 'landscape-template', 'Landscape template', 'en', '2017-01-13 20:09:54'),
(3313, 'plaza', 1, 'searching', 'Nhập thông tin cần tìm', 'vi', '2017-01-13 20:09:54'),
(3312, 'plaza', 1, 'searching', 'Searching', 'en', '2017-01-13 20:09:54'),
(3306, 'error_message', 1, 'error_city_empty', 'Please enter your city', 'en', '2017-01-13 15:05:27'),
(3307, 'error_message', 1, 'error_city_empty', 'Vui lòng nhập thành phố', 'vi', '2017-01-13 15:05:27'),
(3308, 'error_message', 1, 'error_fullname_illegal', 'Do not enter special characters, please', 'en', '2017-01-13 15:05:27'),
(3301, 'error_message', 1, 'error_email_illegal', 'Vui lòng nhập đúng định dạng email', 'vi', '2017-01-13 15:05:27'),
(3302, 'error_message', 1, 'error_email_exist', 'This email existed', 'en', '2017-01-13 15:05:27'),
(3303, 'error_message', 1, 'error_email_exist', 'Xin lỗi nhưng email đã tồn tại', 'vi', '2017-01-13 15:05:27'),
(3304, 'error_message', 1, 'error_password_empty', 'Please enter your password', 'en', '2017-01-13 15:05:27'),
(3305, 'error_message', 1, 'error_password_empty', 'Vui lòng nhập mật khẩu', 'vi', '2017-01-13 15:05:27'),
(3300, 'error_message', 1, 'error_email_illegal', 'Please enter correct format email', 'en', '2017-01-13 15:05:27'),
(3299, 'error_message', 1, 'error_cart_empty', 'Giỏ hàng rỗng nên không đặt hàng được, bạn phải chọn ít nhất 1 template hoặc 1 dịch vụ', 'vi', '2017-01-13 15:05:27'),
(2720, 'success_message', 1, '', '', '', '2017-01-12 04:14:33'),
(2763, 'success_message', 1, 'update_password_user', 'Đổi mật khẩu thành công', 'vi', '2017-01-11 21:43:03'),
(2764, 'success_message', 1, 'update_info_user', 'Save successfully', 'en', '2017-01-11 21:43:03'),
(2762, 'success_message', 1, 'update_password_user', 'Change password successfully', 'en', '2017-01-11 21:43:03'),
(2761, 'success_message', 1, 'complete_paypal_cod', 'Bạn đã thanh toán hoàn tất', 'vi', '2017-01-11 21:43:03'),
(3298, 'error_message', 1, 'error_cart_empty', 'The cart is empty, you can not order. You must choose at least 1 template or service', 'en', '2017-01-13 15:05:27'),
(3297, 'error_message', 1, 'error_email_not_exist', 'Email không đúng. Vui lòng nhập lại', 'vi', '2017-01-13 15:05:27'),
(2760, 'success_message', 1, 'complete_paypal_cod', 'You have paid completely', 'en', '2017-01-11 21:43:03'),
(3296, 'error_message', 1, 'error_email_not_exist', 'This email is not correct. Please reenter your email', 'en', '2017-01-13 15:05:27'),
(3295, 'error_message', 1, 'error_city_illegal', 'Không được nhập ký tự đặc biệt và số', 'vi', '2017-01-13 15:05:27'),
(3294, 'error_message', 1, 'error_city_illegal', 'Do not enter special characters and digits, please', 'en', '2017-01-13 15:05:27'),
(3291, 'error_message', 1, 'error_new_re_password_empty', 'Vui lòng nhập [Nhập lại mật khẩu]', 'vi', '2017-01-13 15:05:27'),
(3292, 'error_message', 1, 'error_new_password_illegal', 'Password must be at least 6 characters', 'en', '2017-01-13 15:05:27'),
(3293, 'error_message', 1, 'error_new_password_illegal', 'Mật khẩu phai ít nhất 6 kí tự', 'vi', '2017-01-13 15:05:27'),
(3289, 'error_message', 1, 'error_password_not_exist', 'Mật khẩu không đúng. Vui lòng nhập lại', 'vi', '2017-01-13 15:05:27'),
(3290, 'error_message', 1, 'error_new_re_password_empty', 'Please enter confirm password', 'en', '2017-01-13 15:05:27'),
(3288, 'error_message', 1, 'error_password_not_exist', 'This password is not correct. Please reenter your password', 'en', '2017-01-13 15:05:27'),
(3287, 'error_message', 1, 'error_accept_empty', 'Vui lòng chọn "Đồng ý nhận email hướng dẫn"', 'vi', '2017-01-13 15:05:27'),
(3286, 'error_message', 1, 'error_accept_empty', 'Please check to "Accept to receive our email instructions" checkbox', 'en', '2017-01-13 15:05:27'),
(3285, 'error_message', 1, 'error_new_password_not_match', 'Mật khẩu không trùng nhau', 'vi', '2017-01-13 15:05:27'),
(3284, 'error_message', 1, 'error_new_password_not_match', 'Password does not match', 'en', '2017-01-13 15:05:27'),
(3283, 'error_message', 1, 'error_new_password_empty', 'Vui lòng nhập mật khẩu mới', 'vi', '2017-01-13 15:05:27'),
(3282, 'error_message', 1, 'error_new_password_empty', 'Please enter your new password', 'en', '2017-01-13 15:05:27'),
(3280, 'error_message', 1, 'error_phone_empty', 'Please enter your phone', 'en', '2017-01-13 15:05:27'),
(3281, 'error_message', 1, 'error_phone_empty', 'Vui lòng nhập điện thoại', 'vi', '2017-01-13 15:05:27'),
(3278, 'error_message', 1, 'error_confirm_email_empty', 'Please enter confirm email', 'en', '2017-01-13 15:05:27'),
(3279, 'error_message', 1, 'error_confirm_email_empty', 'Vui lòng nhập xác nhận email', 'vi', '2017-01-13 15:05:27'),
(2765, 'success_message', 1, 'update_info_user', 'Lưu thành công', 'vi', '2017-01-11 21:43:03'),
(3276, 'error_message', 1, 'error_fullname_empty', 'Please enter your name', 'en', '2017-01-13 15:05:27'),
(3277, 'error_message', 1, 'error_fullname_empty', 'Vui lòng nhập tên thường gọi', 'vi', '2017-01-13 15:05:27'),
(3274, 'error_message', 1, 'error_address_empty', 'Please enter your address', 'en', '2017-01-13 15:05:27'),
(3275, 'error_message', 1, 'error_address_empty', 'Vui lòng nhập địa chỉ', 'vi', '2017-01-13 15:05:27'),
(3273, 'error_message', 1, 'error_email_empty', 'Vui lòng nhập email', 'vi', '2017-01-13 15:05:27'),
(3272, 'error_message', 1, 'error_email_empty', 'Please enter your email', 'en', '2017-01-13 15:05:27'),
(3271, 'error_message', 1, 'error_address_illegal', 'Không được nhập ký tự đặc biệt', 'vi', '2017-01-13 15:05:27'),
(3270, 'error_message', 1, 'error_address_illegal', 'Do not enter special characters, please', 'en', '2017-01-13 15:05:27'),
(3268, 'error_message', 1, 'error_phone_illegal', 'Please enter digits, [+], [-], [.], and space only', 'en', '2017-01-13 15:05:27'),
(3269, 'error_message', 1, 'error_phone_illegal', 'Chỉ nhập số, các ký tự [+], [-], [.] và khoảng trắng', 'vi', '2017-01-13 15:05:27'),
(3311, 'plaza', 1, 'label_all', 'Tất cả', 'vi', '2017-01-13 20:09:54'),
(3310, 'plaza', 1, 'label_all', 'Show all', 'en', '2017-01-13 20:09:54'),
(3266, 'error_message', 1, 'error_confirm_email_not_match', 'Email does not match ', 'en', '2017-01-13 15:05:27'),
(3267, 'error_message', 1, 'error_confirm_email_not_match', 'Email chưa trùng nhau', 'vi', '2017-01-13 15:05:27'),
(3326, 'plaza', 1, 'sort-by', 'Sort by:', 'en', '2017-01-13 20:09:54'),
(3327, 'plaza', 1, 'sort-by', 'Sắp xếp theo:', 'vi', '2017-01-13 20:09:54'),
(3328, 'cart_service_option', 1, '', '', '', '2017-01-17 15:49:48'),
(3343, 'cart_service_option', 1, '-1', 'Free at first time', 'en', '2017-02-09 20:01:29'),
(3342, 'cart_service_option', 1, '-2', 'Miễn phí', 'vi', '2017-02-09 20:01:29'),
(3341, 'cart_service_option', 1, '-2', 'Free', 'en', '2017-02-09 20:01:29'),
(3340, 'cart_service_option', 1, '-3', 'Liên hệ', 'vi', '2017-02-09 20:01:29'),
(3339, 'cart_service_option', 1, '-3', 'Call', 'en', '2017-02-09 20:01:29'),
(3338, 'cart_service_option', 1, '-4', ' 097 848 1789', 'vi', '2017-02-09 20:01:29'),
(3337, 'cart_service_option', 1, '-4', '093 550 0368', 'en', '2017-02-09 20:01:29'),
(3344, 'cart_service_option', 1, '-1', 'Miễn phí lần đầu', 'vi', '2017-02-09 20:01:29');

-- --------------------------------------------------------

--
-- Table structure for table `tbl_option`
--

CREATE TABLE IF NOT EXISTS `tbl_option` (
  `option_id` int(11) NOT NULL AUTO_INCREMENT,
  `option_name` varchar(255) NOT NULL,
  `option_value` varchar(2000) NOT NULL,
  `status` tinyint(4) NOT NULL DEFAULT '1',
  PRIMARY KEY (`option_id`)
) ENGINE=InnoDB  DEFAULT CHARSET=utf8 AUTO_INCREMENT=70 ;

--
-- Dumping data for table `tbl_option`
--

INSERT INTO `tbl_option` (`option_id`, `option_name`, `option_value`, `status`) VALUES
(1, 'upload_template_folder', '/usr/local/nginx/html/my.menu/web/uploads', 1),
(2, 'upload_template_url', 'http://menu.mns.tv/uploads', 1),
(3, 'user_template_folder', '/usr/local/nginx/html/my.menu/web/templates', 1),
(4, 'user_template_url', 'http://menu.mns.tv/templates', 1),
(5, 'archive_folder', '/usr/local/nginx/html/archive', 1),
(6, 'thumb1_width', '279', 1),
(7, 'thumb1_height', '175', 1),
(8, 'thumb2_width', '193', 1),
(9, 'thumb2_height', '109', 1),
(10, 'adv_url', 'http://menu.mns.tv/templates/78336d5fc213a5e7217f334fa02bcec9/20160319-ds21-ds-tom-hap-3tv/index.html', 1),
(11, 'admin.email', 'hello@mns.tv', 1),
(12, 'default_avatar', 'images/admin.png', 1),
(13, 'menu.mns.tv', 'http://menu.mns.tv', 1),
(14, 'price-rate-vi', '1', 1),
(15, 'price-rate-en', '22', 1),
(16, 'landscape_thumb_width', '500', 1),
(17, 'landscape_thumb_height', '281', 1),
(18, 'portrait_thumb_width', '226', 1),
(19, 'portrait_thumb_height', '400', 1),
(22, 'landscape_thumb1_width', '500', 1),
(23, 'landscape_thumb1_height', '281', 1),
(24, 'portrait_thumb1_width', '226', 1),
(25, 'portrait_thumb1_height', '400', 1),
(26, 'landscape_thumb2_width', '320', 1),
(27, 'landscape_thumb2_height', '180', 1),
(28, 'portrait_thumb2_width', '290', 1),
(29, 'portrait_thumb2_height', '390', 1),
(30, 'video-for-plaza', '1', 1),
(31, 'video-for-detail', '1', 1),
(39, 'number_per_plaza_pager', '5', 1),
(40, 'email_paypal_subject', 'Cảm ơn bạn đã mua template tại MNS tv', 1),
(41, 'email_paypal_body', '<style>ul#content_ul li{ margin-left: 50px;list-style: disc !important; }</style><div style="font-family:verdana;">[danh_xung] [full_name] quý mến,<br><br>Đơn hàng [danh_xung] đặt mua Template tại MNS tv đã hoàn thành.<ul id=''content_ul''><li>Hình thức thanh toán: Paypal [email]<li>Sản phẩm: DS [template_id] : [template_name]</li><li>Hướng dẫn sử dụng và các thông tin cần biết</li></ul><br><br>MNS TV là hệ thống cung cấp các giao diện thực đơn quảng cáo giành cho các nhà hàng và quán cafe, với nội dung được thiết kế tỉ mỉ, hiệu ứng bắt mắt, giúp cho [danh_xung] [full_name] gia tăng được sự thu hút đối với khách hàng, nâng cao sự chuyên nghiệp khi vận hành mô hình kinh doanh ăn/uống.<br><br>MNS rất sẵn lòng hỗ trợ và tư vấn thêm về phương án triển khai bảng thực đơn điện tử cho [danh_xung] với chi phí hợp lý, giải pháp hiệu quả.<br><br>Xin vui lòng liên hệ: 093.550.0368 (En) | 097.848.1789 (Vi) | hello@mns.tv<br><br>MNS TV | Premium Digital Menu Board<br><i>"you must be the change you wi', 1),
(42, 'email_cod_subject', 'Cảm ơn bạn đã mua template tại MNS tv', 1),
(43, 'email_cod_body', '<style>ul#content_ul li{ margin-left: 50px;list-style: disc !important; }</style><div style="font-family:verdana;">[danh_xung] [full_name] quý mến,<br><br>Đơn hàng [danh_xung] đặt mua Template tại MNS tv đã hoàn thành.<ul id=''content_ul''><li>Hình thức thanh toán: Chuyển khoản Vietcombank | 0421003981312 | Đoàn Ngọc Minh Kỳ<li>Sản phẩm: DS [template_id] : [template_name], link sẽ được active và gởi qua email khi MNS nhận được thanh toán</li><li>Hướng dẫn sử dụng và các thông tin cần biết</li></ul><br><br>MNS TV là hệ thống cung cấp các giao diện thực đơn quảng cáo giành cho các nhà hàng và quán cafe, với nội dung được thiết kế tỉ mỉ, hiệu ứng bắt mắt, giúp cho [danh_xung] [full_name] gia tăng được sự thu hút đối với khách hàng, nâng cao sự chuyên nghiệp khi vận hành mô hình kinh doanh ăn/uống.<br><br>MNS rất sẵn lòng hỗ trợ và tư vấn thêm về phương án triển khai bảng thực đơn điện tử cho [danh_xung] với chi phí hợp lý, giải pháp hiệu quả.<br><br>Xin vui lòng liên hệ: 093.550.0368 (En) |', 1),
(44, 'vi_money_unit', 'k', 1),
(45, 'en_money_unit', '$', 1),
(46, 'money-unit-vi', 'k', 1),
(47, 'money-unit-en', '$', 1),
(48, 'email_lost_password_step1_subject-vi', 'Quên mật khẩu đăng nhập MNS TV', 1),
(49, 'email_lost_password_step1_body-vi', '<div style="font-family:verdana;">[danh_xung] [full_name] quý mến,<br><br>Có phải [danh_xung] vừa kích hoạt tính năng tìm lại mật khẩu cho tài khoản [email] trên website http://menu.mns.tv<br><br>Vui lòng [click vào đây] và làm theo hướng dẫn<br><br>MNS TV là hệ thống cung cấp các giao diện thực đơn quảng cáo giành cho các nhà hàng và quán cafe, với nội dung được thiết kế tỉ mỉ, hiệu ứng bắt mắt, giúp cho [danh_xung] [full_name] gia tăng được sự thu hút đối với khách hàng, nâng cao sự chuyên nghiệp khi vận hành mô hình kinh doanh ăn/uống.<br><br>MNS rất sẵn lòng hỗ trợ và tư vấn thêm về phương án triển khai bảng thực đơn điện tử cho [danh_xung] với chi phí hợp lý, giải pháp hiệu quả.<br><br>Xin vui lòng liên hệ: 093.550.0368 (En) | 097.848.1789 (Vi) | hello@mns.tv<br><br>MNS TV | Premium Digital Menu Board<br><i>"you must be the change you wish to see in the world"</i></div>', 1),
(50, 'email_lost_password_step2_subject-vi', 'Mật khẩu mới đăng nhập MNS TV', 1),
(51, 'email_lost_password_step2_body-vi', '<div style="font-family:verdana;">[danh_xung] [full_name] quý mến,<br><br>Tài khoản [email] trên website http://menu.mns.tv vừa thay đổi mật khẩu mới: [password]<br><br>MNS TV là hệ thống cung cấp các giao diện thực đơn quảng cáo giành cho các nhà hàng và quán cafe, với nội dung được thiết kế tỉ mỉ, hiệu ứng bắt mắt, giúp cho [danh_xung] [full_name] gia tăng được sự thu hút đối với khách hàng, nâng cao sự chuyên nghiệp khi vận hành mô hình kinh doanh ăn/uống.<br><br>MNS rất sẵn lòng hỗ trợ và tư vấn thêm về phương án triển khai bảng thực đơn điện tử cho [danh_xung] với chi phí hợp lý, giải pháp hiệu quả.<br><br>Xin vui lòng liên hệ: 093.550.0368 (En) | 097.848.1789 (Vi) | hello@mns.tv<br><br>MNS TV | Premium Digital Menu Board<br><i>"you must be the change you wish to see in the world"</i></div>', 1),
(52, 'email_register_subject-vi', 'Cảm ơn bạn đã đăng ký tài khoản tại MNS TV', 1),
(53, 'email_register_body-vi', '<style>ul#content_ul li{ margin-left: 50px;list-style: disc !important; }</style><div style="font-family:verdana;">[danh_xung] [full_name] quý mến,<br><br>Cám ơn [danh_xung] đã đăng ký tài khoản tại http://menu.mns.tv<ul id=''content_ul''><li>Email đăng nhập: [email]<li>Password: [password]</li></ul><br><br>MNS TV là hệ thống cung cấp các giao diện thực đơn quảng cáo giành cho các nhà hàng và quán cafe, với nội dung được thiết kế tỉ mỉ, hiệu ứng bắt mắt, giúp cho [danh_xung] [full_name] gia tăng được sự thu hút đối với khách hàng, nâng cao sự chuyên nghiệp khi vận hành mô hình kinh doanh ăn/uống.<br><br>MNS rất sẵn lòng hỗ trợ và tư vấn thêm về phương án triển khai bảng thực đơn điện tử cho [danh_xung] với chi phí hợp lý, giải pháp hiệu quả.<br><br>Xin vui lòng liên hệ: 093.550.0368 (En) | 097.848.1789 (Vi) | hello@mns.tv<br><br>MNS TV | Premium Digital Menu Board<br><i>"you must be the change you wish to see in the world"</i></div>', 1),
(54, 'email_paypal_subject-vi', 'Cảm ơn bạn đã mua template tại MNS TV', 1),
(55, 'email_paypal_body-vi', '<style>ul#content_ul li{ margin-left: 50px;list-style: disc !important; }</style><div style="font-family:verdana;">[danh_xung] [full_name] quý mến,<br><br>Đơn hàng [danh_xung] đặt mua Template tại MNS tv đã hoàn thành.<ul id=''content_ul''><li>Hình thức thanh toán: Paypal [email]<li>Sản phẩm: DS [template_id] : [template_name]</li><li>Hướng dẫn sử dụng và các thông tin cần biết</li></ul><br><br>MNS TV là hệ thống cung cấp các giao diện thực đơn quảng cáo giành cho các nhà hàng và quán cafe, với nội dung được thiết kế tỉ mỉ, hiệu ứng bắt mắt, giúp cho [danh_xung] [full_name] gia tăng được sự thu hút đối với khách hàng, nâng cao sự chuyên nghiệp khi vận hành mô hình kinh doanh ăn/uống.<br><br>MNS rất sẵn lòng hỗ trợ và tư vấn thêm về phương án triển khai bảng thực đơn điện tử cho [danh_xung] với chi phí hợp lý, giải pháp hiệu quả.<br><br>Xin vui lòng liên hệ: 093.550.0368 (En) | 097.848.1789 (Vi) | hello@mns.tv<br><br>MNS TV | Premium Digital Menu Board<br><i>"you must be the change you wish to see in the world"</i></div>', 1),
(56, 'email_cod_subject-vi', 'Cảm ơn bạn đã mua template tại MNS tv', 1),
(57, 'email_cod_body-vi', '<style>ul#content_ul li{ margin-left: 50px;list-style: disc !important; }</style><div style="font-family:verdana;">[danh_xung] [full_name] quý mến,<br><br>Đơn hàng [danh_xung] đặt mua Template tại MNS tv đã hoàn thành.<ul id=''content_ul''><li>Hình thức thanh toán: Chuyển khoản Vietcombank | 0421003981312 | Đoàn Ngọc Minh Kỳ<li>Sản phẩm: DS [template_id] : [template_name], link sẽ được active và gởi qua email khi MNS nhận được thanh toán</li><li>Hướng dẫn sử dụng và các thông tin cần biết</li></ul><br><br>MNS TV là hệ thống cung cấp các giao diện thực đơn quảng cáo giành cho các nhà hàng và quán cafe, với nội dung được thiết kế tỉ mỉ, hiệu ứng bắt mắt, giúp cho [danh_xung] [full_name] gia tăng được sự thu hút đối với khách hàng, nâng cao sự chuyên nghiệp khi vận hành mô hình kinh doanh ăn/uống.<br><br>MNS rất sẵn lòng hỗ trợ và tư vấn thêm về phương án triển khai bảng thực đơn điện tử cho [danh_xung] với chi phí hợp lý, giải pháp hiệu quả.<br><br>Xin vui lòng liên hệ: 093.550.0368 (En) | 097.848.1789 (Vi) | hello@mns.tv<br><br>MNS TV | Premium Digital Menu Board<br><i>"you must be the change you wish to see in the world"</i></div>', 1),
(58, 'email_lost_password_step1_subject-en', 'Forget password to login into MNS TV', 1),
(59, 'email_lost_password_step1_body-en', '<div style="font-family:verdana;">Hello [danh_xung] [full_name] , <br><br> Have you just activated your password find function for account [email] on website http://menu.mns.tv <br><br> Please [click vào đây] and follow our instructions<br><br>MNS TV is a system which offers advertising menu layouts for restaurants and cafes with content meticulously designed, eye-catching effects. This can help you increase your revenue,  increase attraction for customers as well as enhance the professional operation business model eating / drinking.<br><br>MNS  is very happy to support and consult additionally about plans to deploy electronic menu board for you with affordable cost, effective solution.<br><br>Please contact us: 093.550.0368 (En) | 097.848.1789 (Vi) | hello@mns.tv<br><br>MNS TV | Premium Digital Menu Board<br><i>"you must be the change you wish to see in the world"</i></div>', 1),
(60, 'email_lost_password_step2_subject-en', 'New password to login into MNS TV', 1),
(61, 'email_lost_password_step2_body-en', '<div style="font-family:verdana;">Hello [danh_xung] [full_name],<br><br>Your email account on website http://menu.mns.tv have been just changed new password: [password]<br><br> MNS TV is a system which offers advertising menu layouts reserved for restaurants and cafes, with content meticulously designed, eye-catching effects. This can help you increase your revenue,  increase attraction for customers as well as enhance the professional operation business model eating / drinking. <br><br>MNS  is very happy to support and consult additionally about plans to deploy electronic menu board for you with affordable cost, effective solution.<br><br>Please contact us: 093.550.0368 (En) | 097.848.1789 (Vi) | hello@mns.tv<br><br>MNS TV | Premium Digital Menu Board<br><i>"you must be the change you wish to see in the world"</i></div>', 1),
(62, 'email_register_subject-en', 'Thank you for your registration at MNS TV', 1),
(63, 'email_register_body-en', '<style>ul#content_ul li{ margin-left: 50px;list-style: disc !important; }</style><div style="font-family:verdana;">Hello [danh_xung] [full_name],<br><br> Thank you for your registration at http://menu.mns.tv<ul id=''content_ul''><li>Email: [email]<li>Password: [password]</li></ul><br><br> MNS TV is a system which offers advertising menu layouts reserved for restaurants and cafes, with content meticulously designed, eye-catching effects. This can help you increase your revenue,  increase attraction for customers as well as enhance the professional operation business model eating / drinking.<br><br>MNS  is very happy to support and consult additionally about plans to deploy electronic menu board for you with affordable cost, effective solution.<br><br>Please contact us: 093.550.0368 (En) | 097.848.1789 (Vi) | hello@mns.tv<br><br>MNS TV | Premium Digital Menu Board<br><i>"you must be the change you wish to see in the world"</i></div>', 1),
(64, 'email_paypal_subject-en', 'Thank you for your purchase at MNS TV', 1),
(65, 'email_paypal_body-en', '<style>ul#content_ul li{ margin-left: 50px;list-style: disc !important; }</style><div style="font-family:verdana;">Hi [danh_xung] [full_name], ,<br><br>Your purchased order at MNS TV has been completed.<ul id=''content_ul''><li>Form of payment: Paypal [email]<li>Items: DS [template_id] : [template_name]</li><li>Instructions and information need to know</li></ul><br><br>MNS TV is a system which offers advertising menu layouts reserved for restaurants and cafes, with content meticulously designed, eye-catching effects.This can help you increase your revenue,  increase attraction for customers as well as enhance the professional operation business model eating / drinking.<br><br>MNS  is very happy to support and consult additionally about plans to deploy electronic menu board for you with affordable cost, effective solution.<br><br>Please contact us: 093.550.0368 (En) | 097.848.1789 (Vi) | hello@mns.tv<br><br>MNS TV | Premium Digital Menu Board<br><i>"you must be the change you wish to see in the world"</i></div>', 1),
(66, 'email_cod_subject-en', 'Thank you for your purchase at MNS TV', 1),
(67, 'email_cod_body-en', '<style>ul#content_ul li{ margin-left: 50px;list-style: disc !important; }</style><div style="font-family:verdana;">Hello  [danh_xung] [full_name] ,<br><br>Your purchased order at MNS TV has been completed.<ul id=''content_ul''><li> Form of payment: Vietcombank transfer| 0421003981312 | Đoàn Ngọc Minh Kỳ<li>]<li>Items: DS [template_id] : [template_name], link will be activated and sent to your email when MNS gets your payment. </li><li>Instructions and information need to know</li></ul><br><br> MNS TV is a system which offers advertising menu layouts reserved for restaurants and cafes, with content meticulously designed, eye-catching effects. This can help you increase your revenue,  increase attraction for customers as well as enhance the professional operation business model eating / drinking. <br><br> MNS  is very happy to support and consult additionally about plans to deploy electronic menu board for you with affordable cost, effective solution.<br><br>Please contact us: 093.550.0368 (En) | 097.848.1789 (Vi) | hello@mns.tv<br><br>MNS TV | Premium Digital Menu Board<br><i>"you must be the change you wish to see in the world"</i></div>', 1),
(68, 'page_layouts', '@app/views/page_layouts', 1),
(69, 'page_views', '@app/views/page_views', 1);

-- --------------------------------------------------------

--
-- Table structure for table `tbl_order`
--

CREATE TABLE IF NOT EXISTS `tbl_order` (
  `order_id` int(11) NOT NULL AUTO_INCREMENT,
  `user_id` int(11) NOT NULL,
  `total_price` float NOT NULL,
  `order_status` tinyint(1) NOT NULL,
  `order_type` int(11) NOT NULL,
  `gender` tinyint(3) unsigned NOT NULL,
  `full_name` varchar(200) NOT NULL,
  `email` varchar(100) NOT NULL,
  `phone` varchar(20) NOT NULL,
  `address` varchar(200) NOT NULL,
  `city` varchar(100) NOT NULL,
  `order_time` timestamp NOT NULL DEFAULT CURRENT_TIMESTAMP ON UPDATE CURRENT_TIMESTAMP,
  `create_time` timestamp NOT NULL DEFAULT '0000-00-00 00:00:00',
  PRIMARY KEY (`order_id`)
) ENGINE=InnoDB  DEFAULT CHARSET=utf8 AUTO_INCREMENT=51 ;

--
-- Dumping data for table `tbl_order`
--

INSERT INTO `tbl_order` (`order_id`, `user_id`, `total_price`, `order_status`, `order_type`, `gender`, `full_name`, `email`, `phone`, `address`, `city`, `order_time`, `create_time`) VALUES
(1, 4, 128.55, 10, 2, 2, 'Lan Anh Hoàng', 'lananh@mns.tv', '+84 0164 905 9965', '234 Ngũ Hành Sơn, Đà Nẵng', 'Đà Nẵng', '2017-03-27 15:30:19', '2017-03-27 15:30:19'),
(2, 4, 9.09, 10, 2, 2, 'Lan Anh Hoàng', 'lananh@mns.tv', '+84 0164 905 9965', '234 Ngũ Hành Sơn, Đà Nẵng', 'Đà Nẵng', '2017-03-27 15:32:26', '2017-03-27 15:32:26'),
(3, 4, 13.64, 10, 2, 2, 'Lan Anh Hoàng', 'lananh@mns.tv', '+84 0164 905 9965', '234 Ngũ Hành Sơn, Đà Nẵng', 'Đà Nẵng', '2017-03-29 14:59:21', '2017-03-29 14:59:21'),
(4, 4, 129, 10, 2, 2, 'Lan Anh Hoàng', 'lananh@mns.tv', '+84 0164 905 9965', '234 Ngũ Hành Sơn, Đà Nẵng', 'Đà Nẵng', '2017-03-29 15:33:09', '2017-03-29 15:33:09'),
(5, 4, 9.09, 10, 2, 2, 'Lan Anh Hoàng', 'lananh@mns.tv', '+84 0164 905 9965', '234 Ngũ Hành Sơn, Đà Nẵng', 'Đà Nẵng', '2017-03-29 15:35:36', '2017-03-29 15:35:36'),
(6, 4, 18.19, 10, 2, 2, 'Lan Anh Hoàng', 'lananh@mns.tv', '+84 0164 905 9965', '234 Ngũ Hành Sơn, Đà Nẵng', 'Đà Nẵng', '2017-03-29 18:03:30', '2017-03-29 18:03:30'),
(7, 4, 0, 10, 2, 2, 'Lan Anh Hoàng', 'lananh@mns.tv', '+84 0164 905 9965', '234 Ngũ Hành Sơn, Đà Nẵng', 'Đà Nẵng', '2017-03-29 18:06:22', '2017-03-29 18:06:22'),
(8, 4, 0, 10, 2, 2, 'Lan Anh Hoàng', 'lananh@mns.tv', '+84 0164 905 9965', '234 Ngũ Hành Sơn, Đà Nẵng', 'Đà Nẵng', '2017-03-29 18:07:30', '2017-03-29 18:07:30'),
(9, 32, 0, 10, 2, 2, 'Testmenu', 'testmenu@mns.tv', '097 267 1145', 'K03 Dương Thị Xuân Qúy, Đà Nẵng', ' Đà Nẵng', '2017-03-29 20:26:48', '2017-03-29 20:26:48'),
(10, 4, 9.09, 10, 2, 2, 'Lan Anh Hoàng', 'lananh@mns.tv', '+84 0164 905 9965', '234 Ngũ Hành Sơn, Đà Nẵng', 'Huế', '2017-03-30 15:54:21', '2017-03-30 15:54:21'),
(11, 4, 136, 10, 2, 1, 'Lan Anh 123', 'lananh@mns.tv', '+84 0164 905 9965', '234 Ngũ Hành Sơn, Đà Nẵng', 'Huế', '2017-03-30 18:17:25', '2017-03-30 18:17:25'),
(12, 4, 4.55, 1, 1, 1, 'Lan Anh 123', 'lananh@mns.tv', '+84 0164 905 9965', '234 Ngũ Hành Sơn, Đà Nẵng', 'Huế', '2017-03-30 18:19:05', '2017-03-30 18:19:05'),
(13, 4, 9.09, 10, 2, 1, 'Lan Anh 123', 'lananh@mns.tv', '+84 0164 905 9965', '234 Ngũ Hành Sơn, Đà Nẵng', 'Huế', '2017-03-30 18:45:20', '2017-03-30 18:45:20'),
(14, 4, 13.64, 10, 2, 1, 'Lan Anh 123', 'lananh@mns.tv', '+84 0164 905 9965', '234 Ngũ Hành Sơn, Đà Nẵng', 'Huế', '2017-03-30 18:45:59', '2017-03-30 18:45:59'),
(15, 4, 4.55, 1, 1, 1, 'Lan Anh 123', 'lananh@mns.tv', '+84 0164 905 9965', '234 Ngũ Hành Sơn, Đà Nẵng', 'Huế', '2017-03-30 18:56:07', '2017-03-30 18:56:07'),
(16, 4, 136, 10, 2, 1, 'Lan Anh 123', 'lananh@mns.tv', '+84 0164 905 9965', '234 Ngũ Hành Sơn, Đà Nẵng', 'Huế', '2017-03-30 18:57:54', '2017-03-30 18:57:54'),
(17, 4, 143.55, 10, 2, 1, 'Lan Anh 123', 'lananh@mns.tv', '+84 0164 905 9965', '234 Ngũ Hành Sơn, Đà Nẵng', 'Huế', '2017-03-31 15:06:13', '2017-03-31 15:06:13'),
(18, 4, 149.09, 1, 1, 1, 'Lan Anh 123', 'lananh@mns.tv', '+84 0164 905 9965', '234 Ngũ Hành Sơn, Đà Nẵng', 'Huế', '2017-03-31 15:56:49', '2017-03-31 15:56:49'),
(19, 4, 140.55, 0, 1, 1, 'Lan Anh 123', 'lananh@mns.tv', '+84 0164 905 9965', '234 Ngũ Hành Sơn, Đà Nẵng', 'Huế', '2017-03-31 08:50:38', '2017-03-31 19:48:55'),
(20, 34, 124, 1, 1, 1, 'lananh02@mns.tv', 'lananh02@mns.tv', '0164905764', 'Huế', 'Huế', '2017-03-31 21:47:33', '2017-03-31 21:47:33'),
(21, 40, 303.28, 10, 2, 1, 'nhung@gmail.com', 'nhung@gmail.com', '08384564565', 'DN', 'DN', '2017-04-03 13:29:55', '2017-04-03 13:29:55'),
(22, 40, 0, 10, 2, 1, 'nhung@gmail.com', 'nhung@gmail.com', '08384564565', 'DN', 'DN', '2017-04-03 13:35:49', '2017-04-03 13:35:49'),
(23, 40, 4.55, 1, 1, 1, 'nhung@gmail.com', 'nhung@gmail.com', '08384564565', 'DN', 'DN', '2017-04-03 13:43:19', '2017-04-03 13:43:19'),
(24, 40, 13.64, 10, 2, 1, 'nhung@gmail.com', 'nhung@gmail.com', '08384564565', 'DN', 'DN', '2017-04-03 14:07:50', '2017-04-03 14:07:50'),
(25, 4, 4.55, 10, 2, 1, 'Lan Anh 123', 'lananh@mns.tv', '+84 0164 905 9965', '234 Ngũ Hành Sơn, Đà Nẵng', 'Huế', '2017-04-03 15:04:47', '2017-04-03 15:04:47'),
(26, 4, 4.55, 1, 1, 2, 'Lan Anh 123', 'lananh@mns.tv', '+84 0164 905 9965', '234 Ngũ Hành Sơn, Đà Nẵng', 'Huế', '2017-04-03 15:57:11', '2017-04-03 15:57:11'),
(27, 4, 13.64, 0, 1, 2, 'Lan Anh 123', 'lananh@mns.tv', '+84 0164 905 9965', '234 Ngũ Hành Sơn, Đà Nẵng', 'DN', '2017-04-03 07:03:14', '2017-04-03 18:00:25'),
(28, 4, 152.64, 1, 1, 2, 'Lan Anh 123', 'lananh@mns.tv', '+84 0164 905 9965', '234 Ngũ Hành Sơn, Đà Nẵng', 'DN', '2017-04-03 18:04:00', '2017-04-03 18:04:00'),
(29, 4, 149.64, 1, 1, 2, 'Lan Anh 123', 'lananh@mns.tv', '+84 0164 905 9965', '234 Ngũ Hành Sơn, Đà Nẵng', 'DN', '2017-04-03 18:11:27', '2017-04-03 18:11:27'),
(30, 4, 139, 1, 1, 2, 'Lan Anh 123', 'lananh@mns.tv', '+84 0164 905 9965', '234 Ngũ Hành Sơn, Đà Nẵng', 'DN', '2017-04-03 18:13:20', '2017-04-03 18:13:20'),
(31, 41, 143.55, 10, 2, 1, 'test0304@gmail.com', 'test0304@gmail.com', '09142375635', 'DN', 'DN', '2017-04-03 22:07:12', '2017-04-03 22:07:12'),
(32, 4, 4.55, 1, 1, 2, 'Lan Anh 123', 'lananh@mns.tv', '+84 0164 905 9965', '234 Ngũ Hành Sơn, Đà Nẵng', 'DN', '2017-04-04 13:39:10', '2017-04-04 13:39:10'),
(33, 4, 139, 0, 1, 2, 'Lan Anh 123', 'lananh@mns.tv', '+84 0164 905 9965', '234 Ngũ Hành Sơn, Đà Nẵng', 'DN', '2017-04-04 02:50:30', '2017-04-04 13:40:38'),
(34, 42, 133.55, 10, 2, 1, 'Test', 'test123@mns.tv', '0986445324', 'DN', 'DN', '2017-04-04 14:50:04', '2017-04-04 14:50:04'),
(35, 42, 143.55, 0, 1, 1, 'Test', 'test123@mns.tv', '0986445324', 'DN', 'DN', '2017-04-04 04:14:29', '2017-04-04 15:07:48'),
(36, 42, 140.55, 0, 2, 1, 'Test', 'test123@mns.tv', '0986445324', 'DN', 'DN', '2017-04-04 04:14:04', '2017-04-04 15:12:31'),
(37, 34, 166.28, 0, 2, 1, 'lananh02@mns.tv', 'lananh02@mns.tv', '0164905764', 'Huế', 'Huế', '2017-04-04 04:21:35', '2017-04-04 15:21:12'),
(38, 34, 143.55, 0, 2, 1, 'lananh02@mns.tv', 'lananh02@mns.tv', '0164905764', 'Huế', 'Huế', '2017-04-04 04:23:38', '2017-04-04 15:23:12'),
(39, 34, 152.64, 10, 2, 1, 'lananh02@mns.tv', 'lananh02@mns.tv', '0164905764', 'Huế', 'Huế', '2017-04-04 15:25:34', '2017-04-04 15:25:34'),
(40, 34, 129, 10, 2, 1, 'lananh02@mns.tv', 'lananh02@mns.tv', '0164905764', 'Huế', 'Huế', '2017-04-04 04:34:05', '2017-04-04 15:30:45'),
(41, 34, 9.09, 0, 2, 1, 'lananh02@mns.tv', 'lananh02@mns.tv', '0164905764', 'Huế', 'Huế', '2017-04-04 04:34:08', '2017-04-04 15:31:33'),
(42, 34, 0, 10, 2, 1, 'lananh02@mns.tv', 'lananh02@mns.tv', '0164905764', 'Huế', 'Huế', '2017-04-04 16:00:08', '2017-04-04 16:00:08'),
(43, 34, 4.55, 10, 2, 1, 'lananh02@mns.tv', 'lananh02@mns.tv', '0164905764', 'Huế', 'Huế', '2017-04-04 18:52:39', '2017-04-04 18:52:39'),
(44, 43, 143.55, 1, 1, 1, 'test0404@mns.tv', 'test0404@mns.tv', '09473565353', 'DN', 'DN', '2017-04-04 20:55:59', '2017-04-04 20:55:59'),
(45, 4, 13.64, 10, 2, 2, 'Lan Anh 123', 'lananh@mns.tv', '+84 0164 905 9965', '234 Ngũ Hành Sơn, Đà Nẵng', 'DN', '2017-04-04 21:26:31', '2017-04-04 21:26:31'),
(46, 25, 139, 10, 2, 1, 'Phạm Khắc Thanh', 'thanhpk01@mns.tv', '098 734 2456', 'Hồ Chí Minh', 'Hồ Chí Minh', '2017-04-05 14:38:50', '2017-04-05 14:38:50'),
(47, 44, 278, 10, 2, 1, 'ktd', 'khongthanhdung92@gmail.com', '1659142937', '421 Tran Hung Dao', 'Da Nang', '2017-04-05 21:13:18', '2017-04-05 21:13:18'),
(48, 4, 9.09, 10, 2, 2, 'Lan Anh 123', 'lananh@mns.tv', '+84 0164 905 9965', '234 Ngũ Hành Sơn, Đà Nẵng', 'DN', '2017-04-06 13:22:28', '2017-04-06 13:22:28'),
(49, 4, 13.64, 1, 1, 2, 'Lan Anh 123', 'lananh@mns.tv', '+84 0164 905 9965', '234 Ngũ Hành Sơn, Đà Nẵng', 'DN', '2017-04-06 13:24:00', '2017-04-06 13:24:00'),
(50, 34, 13.64, 10, 2, 1, 'lananh02@mns.tv', 'lananh02@mns.tv', '0967462645', 'DN', 'DN', '2017-04-06 13:37:45', '2017-04-06 13:37:45');

-- --------------------------------------------------------

--
-- Table structure for table `tbl_order_detail`
--

CREATE TABLE IF NOT EXISTS `tbl_order_detail` (
  `order_detail_id` int(11) NOT NULL AUTO_INCREMENT,
  `order_id` int(11) NOT NULL,
  `user_id` int(10) unsigned NOT NULL,
  `template_id` int(11) NOT NULL,
  `out_id` int(10) unsigned NOT NULL,
  `out_name` varchar(200) COLLATE utf8_unicode_ci NOT NULL,
  `order_type` int(11) NOT NULL,
  `service_id` int(10) unsigned NOT NULL,
  `service_name` varchar(200) COLLATE utf8_unicode_ci NOT NULL,
  `service_group_id` int(10) unsigned NOT NULL,
  `service_type` int(11) NOT NULL,
  `have_support` int(11) NOT NULL,
  `price` float NOT NULL,
  `main_service` tinyint(4) NOT NULL,
  `update_time` timestamp NOT NULL DEFAULT CURRENT_TIMESTAMP ON UPDATE CURRENT_TIMESTAMP,
  PRIMARY KEY (`order_detail_id`)
) ENGINE=InnoDB  DEFAULT CHARSET=utf8 COLLATE=utf8_unicode_ci AUTO_INCREMENT=78 ;

--
-- Dumping data for table `tbl_order_detail`
--

INSERT INTO `tbl_order_detail` (`order_detail_id`, `order_id`, `user_id`, `template_id`, `out_id`, `out_name`, `order_type`, `service_id`, `service_name`, `service_group_id`, `service_type`, `have_support`, `price`, `main_service`, `update_time`) VALUES
(1, 1, 4, 53, 53, 'Coffee & Tea', 0, 1, 'Sell template', 1, 1, 0, 139, 1, '2017-03-27 15:30:19'),
(2, 1, 4, 53, 53, 'Save at MNS', 0, 2, 'Save at MNS', 1, 1, 0, 4.55, 2, '2017-03-27 15:30:19'),
(3, 2, 4, 53, 53, 'Edit information', 0, 3, 'Edit information', 1, 1, 0, 9.09, 2, '2017-03-27 15:32:26'),
(4, 3, 4, 53, 53, 'Setting, operating on-site', 0, 4, 'Setting, operating on-site', 1, 1, 0, 13.64, 2, '2017-03-29 14:59:21'),
(5, 4, 4, 20, 20, 'Seafood', 0, 1, 'Sell template', 1, 1, 0, 139, 1, '2017-03-29 15:33:09'),
(6, 5, 4, 20, 20, 'Edit ', 0, 3, 'Edit ', 1, 1, 0, 9.09, 2, '2017-03-29 15:35:36'),
(7, 6, 4, 20, 20, 'Cloud', 0, 2, 'Cloud', 1, 1, 0, 4.55, 2, '2017-03-29 18:03:30'),
(8, 6, 4, 20, 20, 'Setting', 0, 4, 'Setting', 1, 1, 0, 13.64, 2, '2017-03-29 18:03:30'),
(9, 7, 4, 45, 45, 'Breakfast', 0, 1, 'Sell template', 1, 1, 0, 0, 1, '2017-03-29 18:06:22'),
(10, 8, 4, 5, 5, 'Lemonade', 0, 1, 'Sell template', 1, 1, 0, 0, 1, '2017-03-29 18:07:30'),
(11, 9, 32, 45, 45, 'Breakfast', 0, 1, 'Sell template', 1, 1, 0, 0, 1, '2017-03-29 20:26:48'),
(12, 10, 4, 5, 5, 'Edit ', 0, 3, 'Edit ', 1, 1, 0, 9.09, 2, '2017-03-30 15:54:21'),
(13, 11, 4, 63, 63, 'Mns Hill Cafe', 0, 1, 'Sell template', 1, 1, 0, 135.91, 1, '2017-03-30 18:17:25'),
(14, 12, 4, 63, 63, 'Cloud', 0, 2, 'Cloud', 1, 1, 0, 4.55, 2, '2017-03-30 18:19:05'),
(15, 13, 4, 63, 63, 'Edit ', 0, 3, 'Edit ', 1, 1, 0, 9.09, 2, '2017-03-30 18:45:20'),
(16, 14, 4, 5, 5, 'Setting', 0, 4, 'Setting', 1, 1, 0, 13.64, 2, '2017-03-30 18:45:59'),
(17, 15, 4, 45, 45, 'Cloud', 0, 2, 'Cloud', 1, 1, 0, 4.55, 2, '2017-03-30 18:56:07'),
(18, 16, 4, 46, 46, 'Smoked Beef', 0, 1, 'Sell template', 1, 1, 0, 136, 1, '2017-03-30 18:57:54'),
(19, 17, 4, 35, 35, 'Food', 0, 1, 'Sell template', 1, 1, 0, 139, 1, '2017-03-31 15:06:13'),
(20, 17, 4, 35, 35, 'Cloud', 0, 2, 'Cloud', 1, 1, 0, 4.55, 2, '2017-03-31 15:06:13'),
(21, 18, 4, 14, 14, 'Triple Decker Strawberry', 0, 1, 'Sell template', 1, 1, 0, 140, 1, '2017-03-31 15:56:49'),
(22, 18, 4, 14, 14, 'Edit ', 0, 3, 'Edit ', 1, 1, 0, 9.09, 2, '2017-03-31 15:56:49'),
(23, 19, 4, 1, 1, 'Fast Food', 0, 1, 'Sell template', 1, 1, 0, 136, 1, '2017-03-31 19:48:55'),
(24, 19, 4, 1, 1, 'Cloud', 0, 2, 'Cloud', 1, 1, 0, 4.55, 2, '2017-03-31 19:48:55'),
(25, 20, 34, 53, 53, 'Coffee and Tea', 0, 1, 'Sell template', 1, 1, 0, 139, 1, '2017-03-31 21:47:33'),
(26, 21, 40, 1, 1, 'Fast Food', 0, 1, 'Sell template', 1, 1, 0, 136, 1, '2017-04-03 13:29:55'),
(27, 21, 40, 14, 14, 'Triple Decker Strawberry', 0, 1, 'Sell template', 1, 1, 0, 140, 1, '2017-04-03 13:29:55'),
(28, 21, 40, 14, 14, 'Cloud', 0, 2, 'Cloud', 1, 1, 0, 4.55, 2, '2017-04-03 13:29:55'),
(29, 21, 40, 14, 14, 'Setting', 0, 4, 'Setting', 1, 1, 0, 13.64, 2, '2017-04-03 13:29:55'),
(30, 21, 40, 14, 14, 'Edit ', 0, 3, 'Edit ', 1, 1, 0, 9.09, 2, '2017-04-03 13:29:55'),
(31, 22, 40, 37, 37, 'Pigeon', 0, 1, 'Sell template', 1, 1, 0, 0, 1, '2017-04-03 13:35:49'),
(32, 23, 40, 1, 1, 'Cloud', 0, 2, 'Cloud', 1, 1, 0, 4.55, 2, '2017-04-03 13:43:19'),
(33, 24, 40, 1, 1, 'Setting', 0, 4, 'Setting', 1, 1, 0, 13.64, 2, '2017-04-03 14:07:50'),
(34, 25, 4, 46, 46, 'Cloud', 0, 2, 'Cloud', 1, 1, 0, 4.55, 2, '2017-04-03 15:04:47'),
(35, 25, 4, 37, 37, 'Pigeon', 0, 1, 'Sell template', 1, 1, 0, 0, 1, '2017-04-03 15:04:47'),
(36, 26, 4, 14, 14, 'Cloud', 0, 2, 'Cloud', 1, 1, 0, 4.55, 2, '2017-04-03 15:57:11'),
(37, 27, 4, 63, 63, 'Setting', 0, 4, 'Setting', 1, 1, 0, 13.64, 2, '2017-04-03 18:00:25'),
(38, 28, 4, 37, 37, 'Edit ', 0, 3, 'Edit ', 1, 1, 0, 9.09, 2, '2017-04-03 18:04:00'),
(39, 28, 4, 22, 22, 'Cream Cake', 0, 1, 'Sell template', 1, 1, 0, 139, 1, '2017-04-03 18:04:00'),
(40, 28, 4, 37, 37, 'Cloud', 0, 2, 'Cloud', 1, 1, 0, 4.55, 2, '2017-04-03 18:04:00'),
(41, 29, 4, 23, 23, '5- Spices Beef', 0, 1, 'Sell template', 1, 1, 0, 136, 1, '2017-04-03 18:11:27'),
(42, 29, 4, 23, 23, 'Edit ', 0, 3, 'Edit ', 1, 1, 0, 9.09, 2, '2017-04-03 18:11:27'),
(43, 29, 4, 23, 23, 'Cloud', 0, 2, 'Cloud', 1, 1, 0, 4.55, 2, '2017-04-03 18:11:27'),
(44, 30, 4, 12, 12, 'Espresso', 0, 1, 'Sell template', 1, 1, 0, 139, 1, '2017-04-03 18:13:20'),
(45, 31, 41, 35, 35, 'Food', 0, 1, 'Sell template', 1, 1, 0, 139, 1, '2017-04-03 22:07:12'),
(46, 31, 41, 35, 35, 'Cloud', 0, 2, 'Cloud', 1, 1, 0, 4.55, 2, '2017-04-03 22:07:12'),
(47, 32, 4, 22, 22, 'Cloud', 0, 2, 'Cloud', 1, 1, 0, 4.55, 2, '2017-04-04 13:39:10'),
(48, 33, 4, 29, 29, 'Fish food', 0, 1, 'Sell template', 1, 1, 0, 139, 1, '2017-04-04 13:40:38'),
(49, 34, 42, 20, 20, 'Seafood', 0, 1, 'Sell template', 1, 1, 0, 139, 1, '2017-04-04 14:50:04'),
(50, 34, 42, 20, 20, 'Cloud', 0, 2, 'Cloud', 1, 1, 0, 4.55, 2, '2017-04-04 14:50:04'),
(51, 35, 42, 35, 35, 'Food', 0, 1, 'Sell template', 1, 1, 0, 139, 1, '2017-04-04 15:07:48'),
(52, 35, 42, 35, 35, 'Cloud', 0, 2, 'Cloud', 1, 1, 0, 4.55, 2, '2017-04-04 15:07:48'),
(53, 36, 42, 23, 23, '5- Spices Beef', 0, 1, 'Sell template', 1, 1, 0, 136, 1, '2017-04-04 15:12:31'),
(54, 36, 42, 23, 23, 'Cloud', 0, 2, 'Cloud', 1, 1, 0, 4.55, 2, '2017-04-04 15:12:31'),
(55, 37, 34, 35, 35, 'Food', 0, 1, 'Sell template', 1, 1, 0, 139, 1, '2017-04-04 15:21:12'),
(56, 37, 34, 35, 35, 'Cloud', 0, 2, 'Cloud', 1, 1, 0, 4.55, 2, '2017-04-04 15:21:12'),
(57, 37, 34, 35, 35, 'Edit ', 0, 3, 'Edit ', 1, 1, 0, 9.09, 2, '2017-04-04 15:21:12'),
(58, 37, 34, 35, 35, 'Setting', 0, 4, 'Setting', 1, 1, 0, 13.64, 2, '2017-04-04 15:21:12'),
(59, 38, 34, 29, 29, 'Fish food', 0, 1, 'Sell template', 1, 1, 0, 139, 1, '2017-04-04 15:23:12'),
(60, 38, 34, 29, 29, 'Cloud', 0, 2, 'Cloud', 1, 1, 0, 4.55, 2, '2017-04-04 15:23:12'),
(61, 39, 34, 22, 22, 'Cream Cake', 0, 1, 'Sell template', 1, 1, 0, 139, 1, '2017-04-04 15:25:34'),
(62, 39, 34, 22, 22, 'Setting', 0, 4, 'Setting', 1, 1, 0, 13.64, 2, '2017-04-04 15:25:34'),
(63, 40, 34, 20, 20, 'Seafood', 0, 1, 'Sell template', 1, 1, 0, 139, 1, '2017-04-04 15:30:45'),
(64, 41, 34, 20, 20, 'Edit ', 0, 3, 'Edit ', 1, 1, 0, 9.09, 2, '2017-04-04 15:31:33'),
(65, 42, 34, 37, 37, 'Pigeon', 0, 1, 'Sell template', 1, 1, 0, 0, 1, '2017-04-04 16:00:08'),
(66, 43, 34, 37, 37, 'Cloud', 0, 2, 'Cloud', 1, 1, 0, 4.55, 2, '2017-04-04 18:52:39'),
(67, 44, 43, 35, 35, 'Food', 0, 1, 'Sell template', 1, 1, 0, 139, 1, '2017-04-04 20:55:59'),
(68, 44, 43, 35, 35, 'Cloud', 0, 2, 'Cloud', 1, 1, 0, 4.55, 2, '2017-04-04 20:55:59'),
(69, 45, 4, 23, 23, 'Setting', 0, 4, 'Setting', 1, 1, 0, 13.64, 2, '2017-04-04 21:26:31'),
(70, 46, 25, 22, 22, 'Cream Cake', 0, 1, 'Sell template', 1, 1, 0, 139, 1, '2017-04-05 14:38:50'),
(71, 46, 25, 45, 45, 'Breakfast', 0, 1, 'Sell template', 1, 1, 0, 0, 1, '2017-04-05 14:38:50'),
(72, 47, 44, 37, 37, 'Pigeon', 0, 1, 'Sell template', 1, 1, 0, 0, 1, '2017-04-05 21:13:18'),
(73, 47, 44, 35, 35, 'Food', 0, 1, 'Sell template', 1, 1, 0, 139, 1, '2017-04-05 21:13:18'),
(74, 47, 44, 22, 22, 'Cream Cake', 0, 1, 'Sell template', 1, 1, 0, 139, 1, '2017-04-05 21:13:18'),
(75, 48, 4, 29, 29, 'Edit ', 0, 3, 'Edit ', 1, 1, 0, 9.09, 2, '2017-04-06 13:22:28'),
(76, 49, 4, 37, 37, 'Setting', 0, 4, 'Setting', 1, 1, 0, 13.64, 2, '2017-04-06 13:24:00'),
(77, 50, 34, 37, 37, 'Setting', 0, 4, 'Setting', 1, 1, 0, 13.64, 2, '2017-04-06 13:37:45');

-- --------------------------------------------------------

--
-- Table structure for table `tbl_order_session`
--

CREATE TABLE IF NOT EXISTS `tbl_order_session` (
  `order_session_id` bigint(20) unsigned NOT NULL AUTO_INCREMENT,
  `session_id` int(10) unsigned NOT NULL,
  `user_id` int(10) unsigned NOT NULL,
  `out_id` int(10) unsigned NOT NULL,
  `out_name` varchar(200) COLLATE utf8_unicode_ci NOT NULL,
  `order_status` tinyint(4) NOT NULL,
  `order_type` tinyint(4) NOT NULL,
  `service_id` tinyint(4) NOT NULL,
  `service_group_id` tinyint(4) NOT NULL,
  `service_group_order` tinyint(3) unsigned NOT NULL,
  `service_type` tinyint(4) NOT NULL,
  `have_support` tinyint(4) NOT NULL,
  `price` float NOT NULL,
  `main_service` tinyint(4) NOT NULL DEFAULT '2',
  PRIMARY KEY (`order_session_id`)
) ENGINE=InnoDB  DEFAULT CHARSET=utf8 COLLATE=utf8_unicode_ci AUTO_INCREMENT=884 ;

--
-- Dumping data for table `tbl_order_session`
--

INSERT INTO `tbl_order_session` (`order_session_id`, `session_id`, `user_id`, `out_id`, `out_name`, `order_status`, `order_type`, `service_id`, `service_group_id`, `service_group_order`, `service_type`, `have_support`, `price`, `main_service`) VALUES
(2, 1489815733, 0, 5, 'Save at MNS', 0, 0, 2, 1, 0, 1, 0, 4.55, 2),
(4, 1489815733, 0, 5, 'Edit information', 0, 0, 3, 1, 0, 1, 0, 9.09, 2),
(5, 1490328410, 0, 5, 'Lemonade', 0, 0, 1, 1, 0, 1, 0, 136, 1),
(21, 1490352428, 0, 5, 'Lemonade', 0, 0, 1, 1, 0, 1, 0, 136, 1),
(23, 1490352428, 0, 45, 'Breakfast', 0, 0, 1, 1, 0, 1, 0, 0, 1),
(24, 1490352428, 0, 5, 'Edit information', 0, 0, 3, 1, 0, 1, 0, 9.09, 2),
(25, 1490354373, 0, 5, 'Lemonade', 0, 0, 1, 1, 0, 1, 0, 0, 1),
(30, 1490354373, 0, 53, 'Coffee & Tea', 0, 0, 1, 1, 0, 1, 0, 139, 1),
(31, 1490354373, 0, 45, 'Breakfast', 0, 0, 1, 1, 0, 1, 0, 0, 1),
(32, 1490354373, 0, 45, 'Save at MNS', 0, 0, 2, 1, 0, 1, 0, 4.55, 2),
(33, 1490354373, 0, 45, 'Save at MNS', 0, 0, 2, 1, 0, 1, 0, 4.55, 2),
(59, 1490584148, 9, 45, 'Breakfast', 0, 0, 1, 1, 0, 1, 0, 0, 1),
(70, 1490584148, 9, 20, 'Seafood', 0, 0, 1, 1, 0, 1, 0, 139, 1),
(71, 1490584148, 9, 46, 'Smoked Beef', 0, 0, 1, 1, 0, 1, 0, 136, 1),
(72, 1490584148, 9, 46, 'Save at MNS', 0, 0, 2, 1, 0, 1, 0, 4.55, 2),
(102, 1490612025, 0, 53, 'Coffee & Tea', 0, 0, 1, 1, 0, 1, 0, 139, 1),
(114, 1490755077, 0, 63, 'Mns Hill Cafe', 0, 0, 1, 1, 0, 1, 0, 135.91, 1),
(129, 1490760163, 2, 20, 'Seafood', 0, 0, 1, 1, 0, 1, 0, 139, 1),
(138, 1490760163, 2, 20, 'Edit information', 0, 0, 3, 1, 0, 1, 0, 9.09, 2),
(210, 1490771860, 32, 45, 'Breakfast', 0, 0, 1, 1, 0, 1, 0, 0, 1),
(274, 1490847109, 0, 46, 'Smoked Beef', 0, 0, 1, 1, 0, 1, 0, 136, 1),
(275, 1490847109, 0, 46, 'Edit ', 0, 0, 3, 1, 0, 1, 0, 9.09, 2),
(276, 1490847109, 0, 46, 'Edit ', 0, 0, 3, 1, 0, 1, 0, 9.09, 2),
(382, 1490861491, 0, 46, 'Smoked Beef', 0, 0, 1, 1, 0, 1, 0, 136, 1),
(383, 1490861491, 0, 46, 'Cloud', 0, 0, 2, 1, 0, 1, 0, 4.55, 2),
(384, 1490861491, 0, 46, 'Cloud', 0, 0, 2, 1, 0, 1, 0, 4.55, 2),
(385, 1490861491, 0, 46, 'Cloud', 0, 0, 2, 1, 0, 1, 0, 4.55, 2),
(386, 1490861491, 0, 46, 'Cloud', 0, 0, 2, 1, 0, 1, 0, 4.55, 2),
(387, 1490861491, 0, 46, 'Cloud', 0, 0, 2, 1, 0, 1, 0, 4.55, 2),
(388, 1490861491, 0, 46, 'Edit ', 0, 0, 3, 1, 0, 1, 0, 9.09, 2),
(389, 1490861491, 0, 46, 'Edit ', 0, 0, 3, 1, 0, 1, 0, 9.09, 2),
(390, 1490861491, 0, 46, 'Edit ', 0, 0, 3, 1, 0, 1, 0, 9.09, 2),
(391, 1490861491, 0, 46, 'Edit ', 0, 0, 3, 1, 0, 1, 0, 9.09, 2),
(392, 1490861491, 0, 46, 'Edit ', 0, 0, 3, 1, 0, 1, 0, 9.09, 2),
(394, 1490861648, 0, 45, 'Breakfast', 0, 0, 1, 1, 0, 1, 0, 0, 1),
(396, 1490861648, 0, 45, 'Cloud', 0, 0, 2, 1, 0, 1, 0, 4.55, 2),
(397, 1490861648, 0, 46, 'Cloud', 0, 0, 2, 1, 0, 1, 0, 4.55, 2),
(398, 1490861648, 0, 46, 'Smoked Beef', 0, 0, 1, 1, 0, 1, 0, 136, 1),
(411, 1490927808, 4, 11, 'Viet Hamburger', 0, 0, 1, 1, 0, 1, 0, 139, 1),
(413, 1490927808, 4, 11, 'Cloud', 0, 0, 2, 1, 0, 1, 0, 4.55, 2),
(451, 1490943372, 0, 53, 'Coffee and Tea', 0, 0, 1, 1, 0, 1, 0, 139, 1),
(453, 1490943372, 0, 23, '5- Spices Beef', 0, 0, 1, 1, 0, 1, 0, 136, 1),
(463, 1490928450, 0, 11, 'Viet Hamburger', 0, 0, 1, 1, 0, 1, 0, 139, 1),
(470, 1490928450, 0, 14, 'Triple Decker Strawberry', 0, 0, 1, 1, 0, 1, 0, 140, 1),
(472, 1490868779, 0, 53, 'Coffee and Tea', 0, 0, 1, 1, 0, 1, 0, 139, 1),
(473, 1490868779, 0, 53, 'Edit ', 0, 0, 3, 1, 0, 1, 0, 9.09, 2),
(475, 1490868779, 0, 53, 'Cloud', 0, 0, 2, 1, 0, 1, 0, 4.55, 2),
(489, 1490957253, 34, 45, 'Breakfast', 0, 0, 1, 1, 0, 1, 0, 0, 1),
(490, 1490957253, 34, 46, 'Smoked Beef', 0, 0, 1, 1, 0, 1, 0, 136, 1),
(518, 1491014645, 25, 35, 'Cloud', 0, 0, 2, 1, 0, 1, 0, 4.55, 2),
(519, 1491014645, 25, 35, 'Food', 0, 0, 1, 1, 0, 1, 0, 139, 1),
(521, 1491017278, 4, 11, 'Viet Hamburger', 0, 0, 1, 1, 0, 1, 0, 139, 1),
(540, 1491187399, 40, 29, 'Fish food', 0, 0, 1, 1, 0, 1, 0, 139, 1),
(552, 1491188406, 40, 37, 'Cloud', 0, 0, 2, 1, 0, 1, 0, 4.55, 2),
(556, 1491188406, 40, 37, 'Edit ', 0, 0, 3, 1, 0, 1, 0, 9.09, 2),
(565, 1491188691, 40, 1, 'Setting', 0, 0, 4, 1, 0, 1, 0, 13.64, 2),
(582, 1491187654, 0, 35, 'Food', 0, 0, 1, 1, 0, 1, 0, 139, 1),
(647, 1491204726, 0, 53, 'Coffee and Tea', 0, 0, 1, 1, 0, 1, 0, 139, 1),
(648, 1491204726, 0, 53, 'Cloud', 0, 0, 2, 1, 0, 1, 0, 4.55, 2),
(649, 1491204726, 0, 53, 'Edit ', 0, 0, 3, 1, 0, 1, 0, 9.09, 2),
(650, 1491204726, 0, 35, 'Edit ', 0, 0, 3, 1, 0, 1, 0, 9.09, 2),
(651, 1491204726, 0, 35, 'Food', 0, 0, 1, 1, 0, 1, 0, 139, 1),
(652, 1491204726, 0, 35, 'Setting', 0, 0, 4, 1, 0, 1, 0, 13.64, 2),
(653, 1491190387, 0, 11, 'Viet Hamburger', 0, 0, 1, 1, 0, 1, 0, 139, 1),
(677, 1491216935, 41, 35, 'Food', 0, 0, 1, 1, 0, 1, 0, 139, 1),
(678, 1491216935, 41, 35, 'Cloud', 0, 0, 2, 1, 0, 1, 0, 4.55, 2),
(683, 1491272070, 1, 29, 'Fish food', 0, 0, 1, 1, 0, 1, 0, 139, 1),
(691, 1491273071, 0, 22, 'Cream Cake', 0, 0, 1, 1, 0, 1, 0, 139, 1),
(693, 1491274291, 0, 35, 'Food', 0, 0, 1, 1, 0, 1, 0, 139, 1),
(700, 1491273071, 0, 35, 'Food', 0, 0, 1, 1, 0, 1, 0, 139, 1),
(701, 1491274291, 0, 35, 'Setting', 0, 0, 4, 1, 0, 1, 0, 13.64, 2),
(702, 1491273071, 0, 37, 'Pigeon', 0, 0, 1, 1, 0, 1, 0, 0, 1),
(703, 1491273071, 0, 20, 'Seafood', 0, 0, 1, 1, 0, 1, 0, 139, 1),
(705, 1491277229, 1, 37, 'Pigeon', 0, 0, 1, 1, 0, 1, 0, 0, 1),
(706, 1491277229, 1, 37, 'Cloud', 0, 0, 2, 1, 0, 1, 0, 4.55, 2),
(707, 1491277229, 1, 37, 'Edit ', 0, 0, 3, 1, 0, 1, 0, 9.09, 2),
(708, 1491277733, 42, 20, 'Seafood', 0, 0, 1, 1, 0, 1, 0, 139, 1),
(709, 1491277733, 42, 20, 'Cloud', 0, 0, 2, 1, 0, 1, 0, 4.55, 2),
(710, 1491277804, 42, 35, 'Food', 0, 0, 1, 1, 0, 1, 0, 139, 1),
(714, 1491277804, 42, 35, 'Cloud', 0, 0, 2, 1, 0, 1, 0, 4.55, 2),
(715, 1491278868, 42, 23, '5- Spices Beef', 0, 0, 1, 1, 0, 1, 0, 136, 1),
(716, 1491278868, 42, 23, 'Cloud', 0, 0, 2, 1, 0, 1, 0, 4.55, 2),
(738, 1491288162, 34, 29, 'Edit ', 0, 0, 3, 1, 0, 1, 0, 9.09, 2),
(739, 1491288162, 34, 29, 'Setting', 0, 0, 4, 1, 0, 1, 0, 13.64, 2),
(744, 1491278874, 0, 35, 'Food', 0, 0, 1, 1, 0, 1, 0, 139, 1),
(758, 1491292540, 34, 20, 'Cloud', 0, 0, 2, 1, 0, 1, 0, 4.55, 2),
(759, 1491295649, 4, 22, 'Edit ', 0, 0, 3, 1, 0, 1, 0, 9.09, 2),
(760, 1491295649, 4, 22, 'Setting', 0, 0, 4, 1, 0, 1, 0, 13.64, 2),
(762, 1491291834, 0, 22, 'Cream Cake', 0, 0, 1, 1, 0, 1, 0, 139, 1),
(763, 1491297246, 1, 29, 'Fish food', 0, 0, 1, 1, 0, 1, 0, 139, 1),
(764, 1491297246, 1, 46, 'Smoked Beef', 0, 0, 1, 1, 0, 1, 0, 136, 1),
(765, 1491297246, 1, 45, 'Breakfast', 0, 0, 1, 1, 0, 1, 0, 0, 1),
(767, 1491291834, 0, 20, 'Setting', 0, 0, 4, 1, 0, 1, 0, 13.64, 2),
(768, 1491291834, 0, 20, 'Seafood', 0, 0, 1, 1, 0, 1, 0, 139, 1),
(769, 1491278874, 0, 22, 'Edit ', 0, 0, 3, 1, 0, 1, 0, 9.09, 2),
(770, 1491278874, 0, 22, 'Cream Cake', 0, 0, 1, 1, 0, 1, 0, 139, 1),
(774, 1491282008, 34, 22, 'Cloud', 0, 0, 2, 1, 0, 1, 0, 4.55, 2),
(786, 1491297897, 43, 35, 'Food', 0, 0, 1, 1, 0, 1, 0, 139, 1),
(787, 1491297897, 43, 35, 'Cloud', 0, 0, 2, 1, 0, 1, 0, 4.55, 2),
(795, 1491301645, 4, 29, 'Cloud', 0, 0, 2, 1, 0, 1, 0, 4.55, 2),
(804, 1491356960, 25, 22, 'Cream Cake', 0, 0, 1, 1, 0, 1, 0, 139, 1),
(808, 1491356960, 25, 45, 'Breakfast', 0, 0, 1, 1, 0, 1, 0, 0, 1),
(812, 1491363530, 25, 35, 'Food', 0, 0, 1, 1, 0, 1, 0, 139, 1),
(813, 1491363530, 25, 37, 'Pigeon', 0, 0, 1, 1, 0, 1, 0, 0, 1),
(817, 1491360430, 44, 37, 'Pigeon', 0, 0, 1, 1, 0, 1, 0, 0, 1),
(818, 1491360430, 44, 35, 'Food', 0, 0, 1, 1, 0, 1, 0, 139, 1),
(831, 1491380384, 2, 35, 'Food', 0, 0, 1, 1, 0, 1, 0, 139, 1),
(832, 1491380384, 2, 35, 'Edit ', 0, 0, 3, 1, 0, 1, 0, 9.09, 2),
(834, 1491380384, 2, 35, 'Cloud', 0, 0, 2, 1, 0, 1, 0, 4.55, 2),
(837, 1491360430, 44, 22, 'Cream Cake', 0, 0, 1, 1, 0, 1, 0, 139, 1),
(843, 1491406151, 2, 35, 'Food', 0, 0, 1, 1, 0, 1, 0, 139, 1),
(844, 1491406151, 2, 35, 'Setting', 0, 0, 4, 1, 0, 1, 0, 13.64, 2),
(850, 1491445440, 4, 35, 'Edit ', 0, 0, 3, 1, 0, 1, 0, 9.09, 2),
(851, 1491445440, 4, 1, 'Edit ', 0, 0, 3, 1, 0, 1, 0, 9.09, 2),
(860, 1491447149, 1, 1, 'Fast Food', 0, 0, 1, 1, 0, 1, 0, 139, 1),
(865, 1491447735, 0, 29, 'Fish food', 0, 0, 1, 1, 0, 1, 0, 139, 1),
(866, 1491447735, 0, 29, 'Cloud', 0, 0, 2, 1, 0, 1, 0, 4.55, 2),
(869, 1491447735, 0, 45, 'Breakfast', 0, 0, 1, 1, 0, 1, 0, 0, 1),
(871, 1491446265, 34, 37, 'Edit ', 0, 0, 3, 1, 0, 1, 0, 9.09, 2),
(874, 1491453994, 1, 1, 'Fast Food', 0, 0, 1, 1, 0, 1, 0, 139, 1),
(878, 1491453620, 34, 1, 'Fast Food', 0, 0, 1, 1, 0, 1, 0, 139, 1),
(882, 1491453994, 1, 1, 'Cloud', 0, 0, 2, 1, 0, 1, 0, 4.55, 2),
(883, 1491462298, 4, 35, 'Edit ', 0, 0, 3, 1, 0, 1, 0, 9.09, 2);

-- --------------------------------------------------------

--
-- Table structure for table `tbl_page`
--

CREATE TABLE IF NOT EXISTS `tbl_page` (
  `page_id` int(10) unsigned NOT NULL AUTO_INCREMENT,
  `page_name` varchar(255) COLLATE utf8_unicode_ci NOT NULL,
  `layout` varchar(255) COLLATE utf8_unicode_ci NOT NULL,
  `view` varchar(100) COLLATE utf8_unicode_ci NOT NULL,
  `update_time` timestamp NOT NULL DEFAULT '0000-00-00 00:00:00' ON UPDATE CURRENT_TIMESTAMP,
  PRIMARY KEY (`page_id`)
) ENGINE=InnoDB  DEFAULT CHARSET=utf8 COLLATE=utf8_unicode_ci AUTO_INCREMENT=4 ;

--
-- Dumping data for table `tbl_page`
--

INSERT INTO `tbl_page` (`page_id`, `page_name`, `layout`, `view`, `update_time`) VALUES
(1, 'Why MNS.TV', 'full-width-have-top-content', 'row-display', '2017-03-28 07:52:27'),
(2, 'price', 'full-width-have-top-content', 'row-display', '0000-00-00 00:00:00'),
(3, 'What is MNS.TV', 'full-width-have-top-content', 'row-display', '2017-04-04 03:08:28');

-- --------------------------------------------------------

--
-- Table structure for table `tbl_page_detail`
--

CREATE TABLE IF NOT EXISTS `tbl_page_detail` (
  `page_detail_id` int(10) unsigned NOT NULL AUTO_INCREMENT,
  `page_id` int(10) unsigned NOT NULL,
  `row_order` tinyint(3) unsigned NOT NULL,
  `slug` varchar(200) COLLATE utf8_unicode_ci NOT NULL,
  `title` varchar(255) COLLATE utf8_unicode_ci NOT NULL,
  `content` longtext COLLATE utf8_unicode_ci NOT NULL,
  `language_id` varchar(2) COLLATE utf8_unicode_ci NOT NULL,
  `role` tinyint(4) NOT NULL,
  `update_time` timestamp NOT NULL DEFAULT CURRENT_TIMESTAMP ON UPDATE CURRENT_TIMESTAMP,
  PRIMARY KEY (`page_detail_id`)
) ENGINE=InnoDB  DEFAULT CHARSET=utf8 COLLATE=utf8_unicode_ci AUTO_INCREMENT=11 ;

--
-- Dumping data for table `tbl_page_detail`
--

INSERT INTO `tbl_page_detail` (`page_detail_id`, `page_id`, `row_order`, `slug`, `title`, `content`, `language_id`, `role`, `update_time`) VALUES
(1, 1, 1, 'why-mns-tv', 'Why MNS.TV', '<div class="v2-padding-content v2-pad-con-plaza-land what-margin">\n                <div class="stretch-childrens">\n                    <section class="float-left what-block what-section">\n                        <i class="mns-icon-tv icon-big-130"></i>\n                        <h2>MNS TV</h2>\n                        <p>Chuyên thiết kế, và cung cấp các giao diện hiệu ứng động bằng video hoặc hiệu ứng web, chạy trên các màn hình Tivi, lắp đặt trong các hệ thống nhà hàng, quán ăn cao cấp, quán cafe sang trọng, giúp thực khách có những trải nghiệm thật thú vị khi order thức ăn và nước uống.</p>\n                    </section>\n                    <div class="float-left what-block">\n                        <article class="what-gadget">\n                            <h3>\n                                <i class="mns-icon-cloud icon-medium-2 icon-bottom"></i>\n                                <span>Cloud</span>\n                            </h3>\n                            <p>We’re focusing on the menu for Food and  Restaurant, it will help increase of up to 33% in additional sales through the use of digital signage. So not only is digital signage a great way to improve your brand awareness...</p>\n                        </article>\n                        <article class="what-gadget">\n                            <h3>\n                                <i class="mns-icon-gear-2 icon-medium-2 icon-bottom"></i>\n                                <span>Setting</span>\n                            </h3>\n                            <p>We’re focusing on the menu for Food and  Restaurant, it will help increase of up to 33% in additional sales through the use of digital signage. So not only is digital signage a great way to improve your brand awareness...</p>\n                        </article>\n                        <article class="what-gadget">\n                            <h3>\n                                <i class="mns-icon-edit icon-medium-2 icon-bottom"></i>\n                                <span>Edit Information</span>\n                            </h3>\n                            <p>We’re focusing on the menu for Food and  Restaurant, it will help increase of up to 33% in additional sales through the use of digital signage. So not only is digital signage a great way to improve your brand awareness...</p>\n                        </article>\n                    </div>\n                </div>\n            </div>\n            <div class="clr"></div>', 'en', 0, '2017-03-28 07:48:38'),
(2, 1, 2, 'why-mns-tv', 'Why MNS.TV', '<div class="full-width relative bg-what what-margin">\n                <div class="v2-padding-content v2-pad-con-plaza-land what-margin">\n                    <div class="stretch-childrens">\n                        <section class="float-left what-block what-section white-text">\n                            <i class="mns-icon-tv icon-big-130"></i>\n                            <h2>Màn Hình TiVi</h2>\n                            <p>Là công cụ cơ bản để hiển thị các hiệu ứng động cực kì lôi cuốn do MNS thiết kế. Bạn chỉ cần lựa chọn các loại màn hình phẳng, không cần quan tâm công nghệ và thiết kế bên ngoài. MNS sẽ thiết kế hộp thẩm mỹ, treo lên, và có giải pháp để màn hình hiển thị được thông tin mà quý khách yêu cầu.</p>\n                        </section>\n                        <div class="float-left half-width relative center-translate">\n                            <div class="what-tv-bg">\n                                <img src="/images/what/tv-frame-1.png" alt="">\n                            </div>\n                        </div>\n                    </div>\n                </div>\n                <div class="clr"></div>\n            </div>', 'en', 0, '2017-03-28 09:14:14'),
(3, 1, 3, 'why-mns-tv', 'Why MNS.TV', '<div class="full-width relative">\n                <div class="v2-padding-content v2-pad-con-plaza-land what-margin">\n                    <div class="stretch-childrens">\n                        <div class="float-left what-block relative">\n                            <img src="/images/what/ds1.png" class="full-width" alt="">\n                        </div>\n                        <section class="float-left what-block what-section">\n                            <i class="mns-icon-clock icon-big-130"></i>\n                            <h2>Dễ Sử Dụng</h2>\n                            <p>Hệ thống có thể vận hành từ đơn giải đến phức tạp tuỳ theo yêu cầu. Đơn giản nhất là copy giao diện tĩnh và động vào USB, cho chạy cả ngày. Hoặc chạy bằng trình duyệt web của Smart Tivi, và cũng có thể lên các lịch trình tuỳ theo chiếc lược marketing của nhà hàng, quán cafe.</p>\n                        </section>\n                    </div>\n                </div>\n                <div class="clr"></div>\n            </div>', 'en', 0, '2017-03-28 09:14:29'),
(4, 1, 4, 'why-mns-tv', 'Why MNS.TV', '<div class="full-width relative bg-what-2">\n                <div class="v2-padding-content v2-pad-con-plaza-land what-margin">\n                    <div class="stretch-childrens">\n                        <section class="float-left what-block what-section">\n                            <i class="mns-icon-demo icon-big-130"></i>\n                            <h2>Demo Tận Nơi</h2>\n                            <p>MNS rất sẵn lòng tới tận nơi, demo giải pháp và các hiệu ứng này ngay tại màn hình có sẵn ở bất kì đâu trên Việt Nam. Chi phí demo/đi lại/ăn ở MNS sẽ tự chi trả. Quý khách hàng chỉ tốn chi phí khi đồng ý lắp đặt màn hình và mua các giao diện menu do MNS thiết kế.</p>\n                        </section>\n                        <div class="float-left what-block relative">\n                            <div class="what-tv-bg">\n                                <img src="/images/what/tv-frame-2.png" class="full-width" alt="">\n                            </div>\n                        </div>\n                    </div>\n                </div>\n                <div class="clr"></div>\n            </div>', 'en', 0, '2017-03-28 09:14:45'),
(5, 1, 5, 'why-mns-tv', 'Why MNS.TV', '<div class="full-width relative">\n                <div class="stretch-childrens">\n                    <div class="v2-padding-content v2-pad-con-plaza-land what-margin">\n                        <div class="float-left what-block relative">\n                            <img src="/images/what/tv-frame-3.png" class="full-width" alt="">\n                        </div>\n                        <section class="float-left what-block what-section">\n                            <i class="mns-icon-card icon-big-130"></i>\n                            <h2>Chi Phí Hợp Lý</h2>\n                            <p>Ngoài việc trang bị màn hình, bạn chỉ cần trả thêm tiền để sỡ hữu một bản thiết kế hoàn chỉnh, có hiệu ứng đặc sắc từ MNS. Sau đó, thêm vào những hình ảnh, và thông tin cho phù hợp với nhà hàng, và quán cafe, là có thể sử dụng ngay. Bạn chỉ trả thêm phí khi có những yêu cầu phức tạp hơn.</p>\n                        </section>\n                        <div class="clr"></div>\n                    </div>\n                </div>\n            </div>', 'en', 0, '2017-03-28 09:15:01'),
(6, 2, 1, 'price', 'Price', '<div class="v2-padding-content v2-pad-con-plaza-land">\n                <div class="v2-featured-digital v2-price-top">\n                    <div class="v2-title-f-d v2-price-heading">\n                        <i class="mns-icon-card icon-big"></i>\n                        <h2>Affordable Cost</h2>\n                    </div>\n                    <div class="v2-content-f-d">\n                        Ngoài việc trang bị màn hình, bạn chỉ cần trả thêm tiền để sỡ hữu một bản thiết kế hoàn chỉnh, có hiệu ứng đặc sắc từ MNS. Sau đó, thêm vào những hình ảnh, và thông tin cho phù hợp với nhà hàng, và quán cafe, là có thể sử dụng ngay. Bạn chỉ trả thêm phí khi có những yêu cầu phức tạp hơn.\n                    </div>\n                </div>\n                <!-- end v2-featured-digital -->\n\n                <div class="v2-box-contact">\n                    <div class="v2-col-3-contact">\n                        <div class="v2-center-box-contact">\n                            <div class="v2-box-icon-contact">\n                                <i class="mns-icon-pallete icon-medium"></i>\n                            </div>\n                            <p class="v2-price-box-title">Design</p>\n                            <p>We’re focusing on the menu for Food and  Restaurant, it will help increase of up to 33% in additional sales</p>\n                        </div>\n                    </div>\n\n                    <div class="v2-col-3-contact">\n                        <div class="v2-center-box-contact">\n                            <div class="v2-box-icon-contact">\n                                <i class="mns-icon-code icon-medium"></i>\n                            </div>\n                            <p class="v2-price-box-title">Code</p>\n                            <p>We’re focusing on the menu for Food and  Restaurant, it will help increase of up to 33% in additional sales</p>\n                        </div>\n                    </div>\n\n                    <div class="v2-col-3-contact">\n                        <div class="v2-center-box-contact">\n                            <div class="v2-box-icon-contact">\n                                <i class="mns-icon-gear icon-medium"></i>\n                            </div>\n                            <p class="v2-price-box-title">Setting</p>\n                            <p>We’re focusing on the menu for Food and  Restaurant, it will help increase of up to 33% in additional sales</p>\n                        </div>\n                    </div>\n                </div>\n                <!-- end v2-box-contact -->\n            </div>\n            <!-- end v2-padding-content v2-pad-con-plaza-land -->', 'en', 0, '2017-03-28 09:44:49'),
(7, 2, 2, 'price', 'Price', '<div class="v2-price-comparison-wrapper v2-price">\n                <div class="v2-price-blocks">\n                    <div class="v2-price-block">\n                        <div class="v2-trans-space"></div>\n                        <div class="v2-price-block-detail">\n                            <div class="price-block-seperator block-name">\n                                <h3 class="bold">MENU TĨNH</h3>\n                                <p>Hiển thị hình ảnh tĩnh trên màn hình Tivi</p>\n                            </div>\n\n                            <div class="price-block-seperator block-price">\n                                <p class="bold price">1990 K</p>\n                                <p>(ngàn đồng) / mỗi giao diện</p>\n                            </div>\n\n                            <div class="price-block-seperator extra-info">\n                                <p><span class="bold">Lưu giao diện</span> trên web</p>\n                            </div>\n\n                            <div class="price-block-seperator extra-info">\n                                <p><span class="bold">Số màn hình</span> 01 tivi</p>\n                            </div>\n\n                            <div class="price-block-seperator extra-info">\n                                <p><span class="bold">Cập nhật thông tin</span> thông qua usb</p>\n                            </div>\n\n                            <div class="price-block-seperator extra-info">\n                                <p><span class="bold">Chi phí</span> khi mua giao diện</p>\n                            </div>\n\n                            <div class="btn-signup-block">\n                                <button class="v2-price-btn-signup">Sign Up</button>\n                            </div>\n                        </div>\n                        <div class="v2-trans-space"></div>\n                    </div>\n\n                    <div class="v2-price-block price-shadow">\n                        <div class="v2-white-space"></div>\n                        <div class="v2-price-block-detail">\n                            <div class="price-block-seperator block-name mid">\n                                <h3 class="bold">MENU ĐỘNG</h3>\n                                <p>Hiển thị hiệu ứng menu động trên màn hìnt Tivi</p>\n                            </div>\n\n                            <div class="price-block-seperator block-price mid">\n                                <p class="bold price">2990 K</p>\n                                <p>(ngàn đồng) / mỗi giao diện</p>\n                            </div>\n\n                            <div class="price-block-seperator extra-info">\n                                <p><span class="bold">Lưu giao diện</span> usb hoặc web</p>\n                            </div>\n\n                            <div class="price-block-seperator extra-info">\n                                <p><span class="bold">Số màn hình</span> nhiều tivi nếu dùng web</p>\n                            </div>\n\n                            <div class="price-block-seperator extra-info">\n                                <p><span class="bold">Cập nhật thông tin</span> thông qua internet</p>\n                            </div>\n\n                            <div class="price-block-seperator extra-info">\n                                <p><span class="bold">Chi phí</span> khi mua giao diện</p>\n                            </div>\n\n                            <div class="btn-signup-block mid">\n                                <button class="v2-price-btn-signup mid">Sign Up</button>\n                            </div>\n                        </div>\n                        <div class="v2-white-space"></div>\n                    </div>\n\n                    <div class="v2-price-block">\n                        <div class="v2-trans-space"></div>\n                        <div class="v2-price-block-detail">\n                            <div class="price-block-seperator block-name">\n                                <h3 class="bold">MENU THEO LỊCH TRÌNH</h3>\n                                <p>Menu động, và lập lịch play theo thời gian</p>\n                            </div>\n\n                            <div class="price-block-seperator block-price">\n                                <p class="bold price">Liên Hệ</p>\n                                <p>093.550.0368</p>\n                            </div>\n\n                            <div class="price-block-seperator extra-info">\n                                <p><span class="bold">Lưu giao diện</span> trên web</p>\n                            </div>\n\n                            <div class="price-block-seperator extra-info">\n                                <p><span class="bold">Số màn hình</span> nhiều tivi</p>\n                            </div>\n\n                            <div class="price-block-seperator extra-info">\n                                <p><span class="bold">Cập nhật thông tin</span> thông qua internet</p>\n                            </div>\n\n                            <div class="price-block-seperator extra-info">\n                                <p><span class="bold">Chi phí</span> giao diện + bộ giải mã + license</p>\n                            </div>\n\n                            <div class="btn-signup-block">\n                                <button class="v2-price-btn-signup">Sign Up</button>\n                            </div>\n                        </div>\n                        <div class="v2-trans-space"></div>\n                    </div>\n\n                    <div class="clr"></div>\n                </div>\n            </div>', 'en', 0, '2017-03-28 09:45:07'),
(8, 3, 1, 'what-is-mnstv', 'What is MNS.TV', '			<div class="v2-padding-content v2-pad-con-plaza-land what-margin">\n                <div class="what-block-full">\n                    <section class="what-section">\n                        <h2>MNS TV</h2>\n                        <p class="text-des">Chuyên thiết kế, và cung cấp các giao diện hiệu ứng động bằng video hoặc hiệu ứng web, chạy trên các màn hình Tivi, lắp đặt trong các hệ thống nhà hàng, quán ăn cao cấp, quán cafe sang trọng, giúp thực khách có những trải nghiệm thật thú vị khi order thức ăn và nước uống.</p>\n                    </section>\n                </div>\n                <div class="what-block-full">\n                    <div class="what-gadget-2 stretch-childrens">\n                        <div class="what2-icon">\n                            <img src="/images/what/cloud.png" alt="">\n                        </div>\n                        \n                        <article>\n                            <h3 class="">\n                                <span>Cloud</span>\n                            </h3>\n                            <p>We’re focusing on the menu for Food and  Restaurant, it will help increase of up to 33% in additional sales through the use of digital signage. So not only is digital signage a great way to improve your brand awareness...</p>\n                        </article>\n                    </div>\n\n                    <div class="what-gadget-2 stretch-childrens">\n                        <div class="what2-icon">\n                            <img src="/images/what/gear.png" alt="">\n                        </div>\n                        \n                        <article>\n                            <h3 class="">\n                                <span>Setting</span>\n                            </h3>\n                            <p>We’re focusing on the menu for Food and  Restaurant, it will help increase of up to 33% in additional sales through the use of digital signage. So not only is digital signage a great way to improve your brand awareness...</p>\n                        </article>\n                    </div>\n\n                    <div class="what-gadget-2 stretch-childrens">\n                        <div class="what2-icon">\n                            <img src="/images/what/edit80.png" alt="">\n                        </div>\n                        \n                        <article>\n                            <h3 class="">\n                                <span>Edit Information</span>\n                            </h3>\n                            <p>We’re focusing on the menu for Food and  Restaurant, it will help increase of up to 33% in additional sales through the use of digital signage. So not only is digital signage a great way to improve your brand awareness...</p>\n                        </article>\n                    </div>\n                </div>\n            </div>\n            <div class="clr"></div>', 'en', 0, '2017-04-04 03:08:57'),
(9, 3, 2, 'what-is-mnstv', 'What is MNS.TV', '			<div class="full-width relative bg-what2 what-margin">\n                <div class="v2-padding-content v2-pad-con-plaza-land">\n                    <div>\n                        <section class="what-block-full what-section white-text">\n                            <h2>Màn Hình TiVi</h2>\n                            <p class="text-des">Là công cụ cơ bản để hiển thị các hiệu ứng động cực kì lôi cuốn do MNS thiết kế. Bạn chỉ cần lựa chọn các loại màn hình phẳng, không cần quan tâm công nghệ và thiết kế bên ngoài. MNS sẽ thiết kế hộp thẩm mỹ, treo lên, và có giải pháp để màn hình hiển thị được thông tin mà quý khách yêu cầu.</p>\n                        </section>\n                    </div>\n                </div>\n                <div class="what2-tv center-translate-all">\n                    <div class="what-tv-bg">\n                        <img src="/images/what/tv-frame-1.png" alt="">\n                    </div>\n                </div>\n                <div class="clr"></div>\n            </div>', 'en', 0, '2017-04-04 03:09:00'),
(10, 3, 3, 'what-is-mnstv', 'What is MNS.TV', '			<div class="full-width relative what2-features">\n                <div class="v2-padding-content v2-pad-con-plaza-land what-margin">\n                    <div>\n                        <section class="float-left what-block what-section">\n                            <i class="mns-icon-demo icon-big-130"></i>\n                            <h2>Demo Tận Nơi</h2>\n                            <p>MNS rất sẵn lòng tới tận nơi, demo giải pháp và các hiệu ứng này ngay tại màn hình có sẵn ở bất kì đâu trên Việt Nam. Chi phí demo/đi lại/ăn ở MNS sẽ tự chi trả. Quý khách hàng chỉ tốn chi phí khi đồng ý lắp đặt màn hình và mua các giao diện menu do MNS thiết kế.</p>\n                            <img src="/images/what/ds2.png" class="full-width what2-features-icon" alt="">\n                        </section>\n                        <section class="float-left what-block what-section">\n                            <i class="mns-icon-clock icon-big-130"></i>\n                            <h2>Dễ Sử Dụng</h2>\n                            <p>Hệ thống có thể vận hành từ đơn giải đến phức tạp tuỳ theo yêu cầu. Đơn giản nhất là copy giao diện tĩnh và động vào USB, cho chạy cả ngày. Hoặc chạy bằng trình duyệt web của Smart Tivi, và cũng có thể lên các lịch trình tuỳ theo chiếc lược marketing của nhà hàng, quán cafe.</p>\n                            <img src="/images/what/ds3.png" class="full-width what2-features-icon" alt="">\n                        </section>\n                    </div>\n                </div>\n                <div class="clr"></div>\n            </div>', 'en', 0, '2017-04-04 03:09:02');

-- --------------------------------------------------------

--
-- Table structure for table `tbl_service`
--

CREATE TABLE IF NOT EXISTS `tbl_service` (
  `id` int(10) unsigned NOT NULL AUTO_INCREMENT,
  `service_id` int(10) unsigned NOT NULL,
  `service_name` varchar(200) COLLATE utf8_unicode_ci NOT NULL,
  `service_type` tinyint(4) NOT NULL,
  `have_support` tinyint(4) NOT NULL,
  `price` float NOT NULL,
  `price_for_view` varchar(20) COLLATE utf8_unicode_ci NOT NULL,
  `description` text COLLATE utf8_unicode_ci NOT NULL,
  `note` varchar(200) COLLATE utf8_unicode_ci NOT NULL,
  `service_icon_path` varchar(200) COLLATE utf8_unicode_ci NOT NULL,
  `checked_icon_path` varchar(200) COLLATE utf8_unicode_ci NOT NULL,
  `uncheck_icon_path` varchar(200) COLLATE utf8_unicode_ci NOT NULL,
  `bought_icon_path` varchar(200) COLLATE utf8_unicode_ci NOT NULL,
  `service_group_id` int(10) unsigned NOT NULL,
  `service_group_name` varchar(200) COLLATE utf8_unicode_ci NOT NULL,
  `service_group_order` tinyint(3) unsigned NOT NULL,
  `language_id` char(2) COLLATE utf8_unicode_ci NOT NULL,
  `main_service` tinyint(4) NOT NULL DEFAULT '2',
  `update_time` timestamp NOT NULL DEFAULT '0000-00-00 00:00:00' ON UPDATE CURRENT_TIMESTAMP,
  PRIMARY KEY (`id`)
) ENGINE=InnoDB  DEFAULT CHARSET=utf8 COLLATE=utf8_unicode_ci AUTO_INCREMENT=9 ;

--
-- Dumping data for table `tbl_service`
--

INSERT INTO `tbl_service` (`id`, `service_id`, `service_name`, `service_type`, `have_support`, `price`, `price_for_view`, `description`, `note`, `service_icon_path`, `checked_icon_path`, `uncheck_icon_path`, `bought_icon_path`, `service_group_id`, `service_group_name`, `service_group_order`, `language_id`, `main_service`, `update_time`) VALUES
(1, 1, 'Bán template', 1, 0, 0, '', '', 'Bán template', '', '', '', '', 1, 'Bán template và các dịch vụ liên quan', 0, 'vi', 1, '2016-12-21 19:05:06'),
(2, 2, 'Lưu tại MNS', 1, 1, 100, '', 'Lưu trử template của bạn tại MNS<br>\ngiá : 100k/năm', 'Bán template', 'images/mns-service.png', 'images/mns-service-check.png', 'images/mns-service.png', 'images/mns-service-oder.png', 1, 'Bán template và các dịch vụ liên quan', 1, 'vi', 2, '2017-03-09 19:31:39'),
(3, 3, 'Sửa thông tin', 1, 1, 200, '', 'MNS sẽ edit lại các thông tin gồm content/image cho bạn.\n\nChi phí 200k/lần', '', 'images/mns-edit.png', 'images/mns-edit-check.png', 'images/mns-edit.png', 'images/mns-edit-oder.png', 1, 'Bán template và các dịch vụ liên quan', 2, 'vi', 2, '2017-03-09 19:34:03'),
(4, 4, 'Cài đặt, vận hành tận nơi', 1, 1, 300, '', 'MNS sẽ tiến hành cài đặt tận nơi vào thiết bị mà bạn yêu cầu.\n\nChi phí: 300k/lần chưa kể chi phí đi lại', '', 'images/mns-setting.png', 'images/mns-setting-check.png', 'images/mns-setting.png', 'images/mns-setting-oder.png', 1, 'Bán template và các dịch vụ liên quan', 3, 'vi', 2, '2017-03-09 19:32:34'),
(5, 1, 'Sell template', 1, 0, 0, '', '', 'Sell template', '', '', '', '', 1, 'Sell template and relating services', 0, 'en', 1, '2017-01-06 11:14:26'),
(6, 2, 'Cloud', 1, 0, 4.55, '', 'Save your template at MNS<br>Price: $4,55/year', 'Sell template', 'images/mns-service.png', 'images/mns-service-check.png', 'images/mns-service.png', 'images/mns-service-oder.png', 1, 'Sell template and relating services', 1, 'en', 2, '2017-03-29 04:19:35'),
(7, 3, 'Edit ', 1, 1, 9.09, '', 'MNS will edit your template''s information including content and images<br>\nCost: $9,09/times', '', 'images/mns-edit.png', 'images/mns-edit-check.png', 'images/mns-edit.png', 'images/mns-edit-oder.png', 1, 'Sell template and relating services', 2, 'en', 2, '2017-03-29 04:19:43'),
(8, 4, 'Setting', 1, 1, 13.64, '', 'MNS will set on-site to your device<br>\nCost: $13,64/times not including the cost of travel', '', 'images/mns-setting.png', 'images/mns-setting-check.png', 'images/mns-setting.png', 'images/mns-setting-oder.png', 1, 'Sell template and relating services', 3, 'en', 2, '2017-03-29 04:19:56');

-- --------------------------------------------------------

--
-- Table structure for table `tbl_template`
--

CREATE TABLE IF NOT EXISTS `tbl_template` (
  `template_id` int(11) NOT NULL AUTO_INCREMENT,
  `template_name` varchar(255) NOT NULL,
  `catalogue_01_id` tinyint(4) NOT NULL,
  `catalogue_02_id` tinyint(4) NOT NULL,
  `catalogue_03_id` tinyint(4) NOT NULL,
  `resolution` int(11) NOT NULL,
  `is_light` tinyint(4) NOT NULL,
  `is_dark` tinyint(4) NOT NULL,
  `bought_count` int(10) unsigned NOT NULL DEFAULT '0',
  `view_count` int(10) unsigned NOT NULL DEFAULT '0',
  `cmt_count` int(10) unsigned NOT NULL,
  `ranking` decimal(3,1) unsigned NOT NULL,
  `price` float NOT NULL,
  `designer_id` int(11) NOT NULL,
  `path` varchar(255) DEFAULT NULL,
  `thumb` varchar(200) NOT NULL,
  `thumb2` varchar(200) NOT NULL,
  `video` varchar(200) NOT NULL,
  `video2` varchar(200) NOT NULL,
  `archive_name` varchar(200) NOT NULL,
  `create_time` timestamp NOT NULL DEFAULT CURRENT_TIMESTAMP ON UPDATE CURRENT_TIMESTAMP,
  `update_time` timestamp NOT NULL DEFAULT '0000-00-00 00:00:00',
  `status` tinyint(1) NOT NULL,
  PRIMARY KEY (`template_id`)
) ENGINE=InnoDB  DEFAULT CHARSET=utf8 AUTO_INCREMENT=41 ;

--
-- Dumping data for table `tbl_template`
--

INSERT INTO `tbl_template` (`template_id`, `template_name`, `catalogue_01_id`, `catalogue_02_id`, `catalogue_03_id`, `resolution`, `is_light`, `is_dark`, `bought_count`, `view_count`, `cmt_count`, `ranking`, `price`, `designer_id`, `path`, `thumb`, `thumb2`, `video`, `video2`, `archive_name`, `create_time`, `update_time`, `status`) VALUES
(1, 'Fast Food', 5, 0, 0, 1, 1, 0, 0, 3, 1, '3.3', 0, 1, '201704/20170111_ds01_fastfood_1_20170405150148', 'thumb_thumb.jpg', '', 'ds01', '', '20170111_ds01_fastfood_1_20170405150148.zip', '2017-04-06 04:33:32', '2017-04-05 19:03:17', 0),
(20, 'Seafood', 7, 0, 0, 1, 0, 1, 2, 19, 9, '4.0', 139, 1, '201703/20170209_ds20_seafood_1_20170327092559', 'thumb_thumb.jpg', '', 'ds20', '', '20170209_ds20_seafood_1_20170327092559.zip', '2017-04-06 04:22:56', '2017-03-27 18:36:29', 0),
(22, 'Creamcake', 5, 0, 0, 1, 1, 0, 3, 13, 3, '4.0', 0, 1, '201703/20170119_ds22_creamcake_1_20170330164538', 'thumb_thumb.jpg', '', 'ds22', '', '20170119_ds22_creamcake_1_20170330164538.zip', '2017-04-06 07:28:38', '2017-03-30 20:46:18', 0),
(23, '5- Spices Beef', 5, 0, 0, 2, 1, 0, 1, 11, 0, '4.3', 0, 1, '201703/20160510_ds23_beef_1_20170331095947', 'thumb_thumb.jpg', '', 'ds23', '', '20160510_ds23_beef_1_20170331095947.zip', '2017-04-06 06:48:22', '2017-03-31 14:00:58', 0),
(28, 'Capuchino', 5, 0, 0, 1, 1, 0, 0, 2, 0, '0.0', 0, 1, '201704/20170217_ds28_capuchino_1_20170403154238', 'thumb_thumb.jpg', '', 'ds28', '', '20170217_ds28_capuchino_1_20170403154238.zip', '2017-04-03 08:57:28', '2017-04-03 19:43:05', 1),
(29, 'Fish food', 5, 0, 0, 2, 1, 0, 1, 8, 16, '4.0', 0, 1, '201703/20160531_ds29_fish_1_20170331100526', 'thumb_thumb.jpg', '', 'ds29', '', '20160531_ds29_fish_1_20170331100526.zip', '2017-04-06 03:52:12', '2017-03-31 14:06:22', 0),
(34, 'pizza', 5, 3, 0, 2, 0, 0, 0, 0, 0, '0.0', 139, 1, '201703/20172301_ds34_pizza_1_20170324162609', 'thumb_thumb.jpg', '', 'ds34', '', '20172301_ds34_pizza_1_20170324162609.zip', '2017-03-29 08:10:16', '2017-03-24 20:34:50', 0),
(35, 'Food', 7, 0, 0, 1, 1, 0, 4, 20, 3, '4.8', 0, 1, '201703/20160428_ds35_food_1_20170331093208', 'thumb_thumb.jpg', '', 'ds35', '', '20160428_ds35_food_1_20170331093208.zip', '2017-04-06 07:03:39', '2017-03-31 13:32:58', 0),
(37, 'Pigeon', 5, 0, 0, 1, 1, 0, 2, 19, 2, '3.5', 0, 1, '201703/20170220_ds37_pigeon_1_20170330144834', 'thumb_thumb.jpg', '', 'ds37', '', '20170220_ds37_pigeon_1_20170330144834.zip', '2017-04-06 06:18:12', '2017-03-31 19:04:45', 0),
(45, 'Breakfast', 5, 0, 0, 2, 1, 0, 1, 16, 1, '5.0', 139, 1, '201703/20160715_ds45_salad_1_20170324172211', 'thumb_thumb.jpg', '', 'ds45', '', '20160715_ds45_salad_1_20170324172211.zip', '2017-04-06 04:02:05', '2017-03-25 14:56:40', 0),
(46, 'Smoked Beef', 5, 0, 0, 2, 0, 1, 0, 6, 0, '4.5', 2990, 1, '201703/20170124_ds46_smokedbeef_1_20170327095017', 'thumb_thumb.jpg', '', 'ds46', '', '20170124_ds46_smokedbeef_1_20170327095017.zip', '2017-04-06 03:50:38', '2017-03-27 13:50:47', 0),
(53, 'Coffee and Tea', 5, 10, 0, 1, 1, 0, 0, 12, 8, '5.0', 139, 1, '201703/20170119_ds53_coffee_1_20170324171759', 'thumb_thumb.jpg', '', 'ds53', '', '20170119_ds53_coffee_1_20170324171759.zip', '2017-04-04 07:01:02', '2017-04-03 19:52:47', 1),
(63, 'Mns Hill Cafe', 5, 0, 0, 1, 0, 0, 0, 14, 0, '5.0', 2990, 1, '201703/20170321_ds63_listmenu_1_20170327145932', 'thumb_thumb.jpg', '', 'ds63', '', '20170321_ds63_listmenu_1_20170327145932.zip', '2017-04-03 08:56:05', '2017-04-03 19:51:19', 1);

-- --------------------------------------------------------

--
-- Table structure for table `tbl_template_detail`
--

CREATE TABLE IF NOT EXISTS `tbl_template_detail` (
  `template_detail_id` int(10) unsigned NOT NULL AUTO_INCREMENT,
  `template_id` int(11) NOT NULL,
  `title` varchar(200) COLLATE utf8_unicode_ci NOT NULL,
  `description` text COLLATE utf8_unicode_ci NOT NULL,
  `content` longtext COLLATE utf8_unicode_ci NOT NULL,
  `content2` varchar(255) COLLATE utf8_unicode_ci NOT NULL,
  `num` float NOT NULL,
  `num2` decimal(10,0) unsigned NOT NULL,
  `keywork` varchar(255) COLLATE utf8_unicode_ci NOT NULL,
  `slug` varchar(255) COLLATE utf8_unicode_ci NOT NULL,
  `type` tinyint(3) unsigned NOT NULL,
  `language_id` varchar(2) COLLATE utf8_unicode_ci NOT NULL,
  `update_time` timestamp NOT NULL DEFAULT '0000-00-00 00:00:00' ON UPDATE CURRENT_TIMESTAMP,
  PRIMARY KEY (`template_detail_id`),
  KEY `content2` (`content2`),
  KEY `slug` (`slug`)
) ENGINE=InnoDB  DEFAULT CHARSET=utf8 COLLATE=utf8_unicode_ci AUTO_INCREMENT=138 ;

--
-- Dumping data for table `tbl_template_detail`
--

INSERT INTO `tbl_template_detail` (`template_detail_id`, `template_id`, `title`, `description`, `content`, `content2`, `num`, `num2`, `keywork`, `slug`, `type`, `language_id`, `update_time`) VALUES
(23, 34, '[IMAGE]', '', 'thumb.jpg', '', 0, '0', '', '', 2, 'vi', '2017-03-24 09:34:50'),
(34, 53, 'Coffee and Tea', '', '<p>We&#39;re focusing on the menu for Food and Restaurant, It will help increase of u&nbsp;to 33% in additional sales through the user of digital signage. So not only is digital signage a great way to improve your brand awarenes.&nbsp;</p>\r\n', '', 139, '15', '', 'coffee-and-tea', 1, 'en', '2017-04-03 19:52:55'),
(35, 53, '[VIDEO]', '', 'ds53', '', 0, '0', '', '', 4, 'vi', '2017-03-24 21:21:27'),
(36, 53, '[VIDEO]', '', 'ds53.mp4', '', 0, '0', '', '', 3, 'vi', '2017-03-24 21:21:27'),
(37, 53, '[VIDEO]', '', 'ds53_fastfood.mp4', '', 0, '0', '', '', 3, 'vi', '2017-03-24 21:21:27'),
(38, 53, '[VIDEO]', '', 'ds53_food.mp4', '', 0, '0', '', '', 3, 'vi', '2017-03-24 21:21:27'),
(39, 45, '[IMAGE]', '', 'thumb.jpg', '', 0, '0', '', '', 2, 'vi', '2017-03-24 10:22:46'),
(40, 45, 'Breakfast', '', '<p>ds45_Description</p></p>\n', '', 0, '0', 'Menu for 2 dishes/drinks', 'breakfast', 1, 'en', '2017-03-31 02:56:31'),
(41, 45, '[VIDEO]', '', 'ds45', '', 0, '0', '', '', 4, 'vi', '2017-03-24 21:24:46'),
(42, 45, '[VIDEO]', '', 'ds45.mp4', '', 0, '0', '', '', 3, 'vi', '2017-03-24 21:24:46'),
(43, 45, '[VIDEO]', '', 'ds45_breakfast.mp4', '', 0, '0', '', '', 3, 'vi', '2017-03-24 21:24:46'),
(44, 45, '[VIDEO]', '', 'ds45_icecream.mp4', '', 0, '0', '', '', 3, 'vi', '2017-03-24 21:24:46'),
(45, 20, '[IMAGE]', '', 'thumb.jpg', '', 0, '0', '', '', 2, 'vi', '2017-03-27 02:26:41'),
(46, 20, 'Seafood', '', '<p>Description_ds20</p>\r\n', '', 139, '10', 'List menu', 'seafood', 1, 'en', '2017-03-29 03:45:55'),
(47, 20, '[VIDEO]', '', 'ds20', '', 0, '0', '', '', 4, 'vi', '2017-03-27 13:31:18'),
(48, 20, '[VIDEO]', '', 'ds20.mp4', '', 0, '0', '', '', 3, 'vi', '2017-03-27 13:31:18'),
(49, 20, '[VIDEO]', '', 'ds20_coffee.mp4', '', 0, '0', '', '', 3, 'vi', '2017-03-27 13:31:18'),
(50, 20, '[VIDEO]', '', 'ds20_sushi.mp4', '', 0, '0', '', '', 3, 'vi', '2017-03-27 13:31:18'),
(57, 46, '[IMAGE]', '', 'thumb.jpg', '', 0, '0', '', '', 2, 'vi', '2017-03-27 02:50:47'),
(58, 46, 'Smoked Beef', '', '<p>ds46_Description</p>\r\n', '', 136, '10', 'Memu for 4 dishes / drinks', 'smoked-beef', 1, 'en', '2017-04-05 07:01:45'),
(59, 46, '[VIDEO]', '', 'ds46', '', 0, '0', '', '', 4, 'vi', '2017-03-27 13:51:53'),
(60, 46, '[VIDEO]', '', 'ds46.mp4', '', 0, '0', '', '', 3, 'vi', '2017-03-27 13:51:53'),
(61, 46, '[VIDEO]', '', 'ds46_cake.mp4', '', 0, '0', '', '', 3, 'vi', '2017-03-27 13:51:53'),
(62, 46, '[VIDEO]', '', 'ds46_icecream.mp4', '', 0, '0', '', '', 3, 'vi', '2017-03-27 13:51:53'),
(64, 63, 'Mns Hill Cafe', '', '<p>Description_ds63</p>\r\n', '', 136, '0', 'List menu', 'mns-hill-cafe', 1, 'en', '2017-03-30 18:02:05'),
(65, 63, '[VIDEO]', '', 'ds63', '', 0, '0', '', '', 4, 'vi', '2017-03-27 19:01:28'),
(66, 63, '[VIDEO]', '', 'ds63.mp4', '', 0, '0', '', '', 3, 'vi', '2017-03-27 19:01:28'),
(67, 63, '[VIDEO]', '', 'ds63_cake.mp4', '', 0, '0', '', '', 3, 'vi', '2017-03-27 19:01:28'),
(68, 63, '[VIDEO]', '', 'ds63_candies.mp4', '', 0, '0', '', '', 3, 'vi', '2017-03-27 19:01:28'),
(69, 37, '[IMAGE]', '', 'thumb.jpg', '', 0, '0', '', '', 2, 'vi', '2017-03-30 18:50:47'),
(70, 37, 'Pigeon', '', '<p>ds37</p>\r\n', '', 0, '0', 'digital signage', 'pigeon', 1, 'en', '2017-04-04 03:20:07'),
(71, 37, '[VIDEO]', '', 'ds37', '', 0, '0', '', '', 4, 'vi', '2017-03-30 18:51:50'),
(72, 37, '[VIDEO]', '', 'ds37.mp4', '', 0, '0', '', '', 3, 'vi', '2017-03-30 18:51:50'),
(73, 37, '[VIDEO]', '', 'ds37_cocktail.mp4', '', 0, '0', '', '', 3, 'vi', '2017-03-30 18:51:50'),
(74, 37, '[VIDEO]', '', 'ds37_steak.mp4', '', 0, '0', '', '', 3, 'vi', '2017-03-30 18:51:50'),
(75, 22, '[IMAGE]', '', 'thumb.jpg', '', 0, '0', '', '', 2, 'vi', '2017-03-30 09:46:18'),
(76, 22, 'Cream Cake', '', '<p>ds22</p>\r\n', '', 139, '0', 'digital signage', 'cream-cake', 1, 'en', '2017-03-30 20:46:58'),
(77, 22, '[VIDEO]', '', 'ds22', '', 0, '0', '', '', 4, 'vi', '2017-03-30 20:47:05'),
(78, 22, '[VIDEO]', '', 'ds22.mp4', '', 0, '0', '', '', 3, 'vi', '2017-03-30 20:47:05'),
(79, 22, '[VIDEO]', '', 'ds22_bbq.mp4', '', 0, '0', '', '', 3, 'vi', '2017-03-30 20:47:05'),
(80, 22, '[VIDEO]', '', 'ds22_juice.mp4', '', 0, '0', '', '', 3, 'vi', '2017-03-30 20:47:05'),
(99, 35, '[IMAGE]', '', 'thumb.jpg', '', 0, '0', '', '', 2, 'vi', '2017-03-31 02:32:58'),
(100, 35, 'Food', '', '<p>ds35</p>\r\n', '', 139, '0', '', 'food', 1, 'en', '2017-03-31 13:33:43'),
(101, 35, '[VIDEO]', '', 'ds35', '', 0, '0', '', '', 4, 'vi', '2017-03-31 13:34:02'),
(102, 35, '[VIDEO]', '', 'ds35.mp4', '', 0, '0', '', '', 3, 'vi', '2017-03-31 13:34:02'),
(103, 35, '[VIDEO]', '', 'ds35_bakery.mp4', '', 0, '0', '', '', 3, 'vi', '2017-03-31 13:34:02'),
(104, 35, '[VIDEO]', '', 'ds35_juice.mp4', '', 0, '0', '', '', 3, 'vi', '2017-03-31 13:34:02'),
(111, 23, '[IMAGE]', '', 'thumb.jpg', '', 0, '0', '', '', 2, 'vi', '2017-03-31 03:00:58'),
(112, 23, '5- Spices Beef', '', '<p>ds23</p>\r\n', '', 0, '0', 'menu digital sinage', '5--spices-beef', 1, 'en', '2017-04-04 07:46:53'),
(113, 23, '[VIDEO]', '', 'ds23', '', 0, '0', '', '', 4, 'vi', '2017-03-31 14:01:58'),
(114, 23, '[VIDEO]', '', 'ds23.mp4', '', 0, '0', '', '', 3, 'vi', '2017-03-31 14:01:58'),
(115, 23, '[VIDEO]', '', 'ds23_burger.mp4', '', 0, '0', '', '', 3, 'vi', '2017-03-31 14:01:58'),
(116, 23, '[VIDEO]', '', 'ds23_drinks.mp4', '', 0, '0', '', '', 3, 'vi', '2017-03-31 14:01:58'),
(117, 29, '[IMAGE]', '', 'thumb.jpg', '', 0, '0', '', '', 2, 'vi', '2017-03-31 03:06:22'),
(118, 29, 'Fish food', '', '<p>ds29</p>\r\n', '', 139, '0', 'menu digital sinage', 'fish-food', 1, 'en', '2017-04-04 03:20:13'),
(119, 29, '[VIDEO]', '', 'ds29', '', 0, '0', '', '', 4, 'vi', '2017-03-31 14:06:53'),
(120, 29, '[VIDEO]', '', 'ds29.mp4', '', 0, '0', '', '', 3, 'vi', '2017-03-31 14:06:53'),
(121, 29, '[VIDEO]', '', 'ds29_cake.mp4', '', 0, '0', '', '', 3, 'vi', '2017-03-31 14:06:53'),
(122, 29, '[VIDEO]', '', 'ds29_coffee.mp4', '', 0, '0', '', '', 3, 'vi', '2017-03-31 14:06:53'),
(123, 28, '[IMAGE]', '', 'thumb.jpg', '', 0, '0', '', '', 2, 'vi', '2017-04-03 08:43:05'),
(124, 28, 'Capuchino', '', '<p>ds28</p>\r\n', '', 139, '0', 'digital signage', 'capuchino', 1, 'en', '2017-04-03 19:43:39'),
(125, 28, '[VIDEO]', '', 'ds28', '', 0, '0', '', '', 4, 'vi', '2017-04-03 19:43:45'),
(126, 28, '[VIDEO]', '', 'ds28.mp4', '', 0, '0', '', '', 3, 'vi', '2017-04-03 19:43:45'),
(127, 28, '[VIDEO]', '', 'ds28_icecream.mp4', '', 0, '0', '', '', 3, 'vi', '2017-04-03 19:43:45'),
(128, 28, '[VIDEO]', '', 'ds28_icecream3.mp4', '', 0, '0', '', '', 3, 'vi', '2017-04-03 19:43:45'),
(129, 28, '[VIDEO]', '', 'ds28_juice.mp4', '', 0, '0', '', '', 3, 'vi', '2017-04-03 19:43:45'),
(130, 63, '[IMAGE]', '', 'thumb.jpg', '', 0, '0', '', '', 2, 'vi', '2017-04-03 19:51:19'),
(131, 53, '[IMAGE]', '', 'thumb.jpg', '', 0, '0', '', '', 2, 'vi', '2017-04-03 19:52:47'),
(132, 1, '[IMAGE]', '', 'thumb.jpg', '', 0, '0', '', '', 2, 'vi', '2017-04-05 08:03:17'),
(133, 1, 'Fast Food', '', '<p><span style="color:rgb(40, 40, 40); font-family:arial; font-size:17px">We&#39;re focusing on the menu for Food Restaurant, it will help increase of up to 33% in additional sales through the&nbsp;</span><span style="color:rgb(40, 40, 40); font-family:arial; font-size:17px">use of digital signage. So not only is digital signage a great way to improve your brand awareness, but it&#39;s a great way to boost sales,&nbsp;</span><span style="color:rgb(40, 40, 40); font-family:arial; font-size:17px">too - every marketers dream! Improving interaction with your customers is always going to have a positive outcome.</span></p>\r\n', '', 139, '0', 'digital signage', 'fast-food', 1, 'en', '2017-04-05 19:04:47'),
(134, 1, '[VIDEO]', '', 'ds01', '', 0, '0', '', '', 4, 'vi', '2017-04-05 19:04:52'),
(135, 1, '[VIDEO]', '', 'ds01.mp4', '', 0, '0', '', '', 3, 'vi', '2017-04-05 19:04:52'),
(136, 1, '[VIDEO]', '', 'ds01_blue.mp4', '', 0, '0', '', '', 3, 'vi', '2017-04-05 19:04:52'),
(137, 1, '[VIDEO]', '', 'ds01_red.mp4', '', 0, '0', '', '', 3, 'vi', '2017-04-05 19:04:52');

-- --------------------------------------------------------

--
-- Table structure for table `tbl_template_img`
--

CREATE TABLE IF NOT EXISTS `tbl_template_img` (
  `template_img_id` int(10) unsigned NOT NULL AUTO_INCREMENT,
  `template_id` int(11) NOT NULL,
  `img_name` varchar(200) COLLATE utf8_unicode_ci NOT NULL,
  `img_path` varchar(100) COLLATE utf8_unicode_ci NOT NULL,
  PRIMARY KEY (`template_img_id`)
) ENGINE=InnoDB DEFAULT CHARSET=utf8 COLLATE=utf8_unicode_ci AUTO_INCREMENT=1 ;

-- --------------------------------------------------------

--
-- Table structure for table `tbl_template_show`
--

CREATE TABLE IF NOT EXISTS `tbl_template_show` (
  `template_show_id` int(11) NOT NULL AUTO_INCREMENT,
  `template_id` int(11) NOT NULL,
  `user_id` int(10) unsigned NOT NULL,
  `catalogue_01_id` tinyint(4) NOT NULL,
  `catalogue_02_id` tinyint(4) NOT NULL,
  `catalogue_03_id` tinyint(4) NOT NULL,
  `order_id` int(11) NOT NULL,
  `client_cnt` tinyint(11) NOT NULL,
  `template_name` varchar(255) COLLATE utf8_unicode_ci NOT NULL,
  `template_folder` varchar(200) COLLATE utf8_unicode_ci NOT NULL,
  `create_time` int(11) NOT NULL,
  `update_time` int(11) NOT NULL,
  `status` int(11) NOT NULL,
  PRIMARY KEY (`template_show_id`)
) ENGINE=InnoDB DEFAULT CHARSET=utf8 COLLATE=utf8_unicode_ci AUTO_INCREMENT=1 ;

-- --------------------------------------------------------

--
-- Table structure for table `tbl_template_store`
--

CREATE TABLE IF NOT EXISTS `tbl_template_store` (
  `template_store_id` int(10) unsigned NOT NULL AUTO_INCREMENT,
  `order_id` int(10) unsigned NOT NULL,
  `order_detail_id` int(10) unsigned NOT NULL,
  `order_status` tinyint(1) NOT NULL,
  `order_type` int(10) unsigned NOT NULL,
  `user_id` int(10) unsigned NOT NULL,
  `template_id` int(10) unsigned NOT NULL,
  `template_name` varchar(200) COLLATE utf8_unicode_ci NOT NULL,
  `template_path` varchar(200) COLLATE utf8_unicode_ci NOT NULL,
  `cnt` tinyint(4) NOT NULL,
  `store_space` float NOT NULL,
  `space_used` float NOT NULL,
  `end_date` timestamp NOT NULL DEFAULT CURRENT_TIMESTAMP ON UPDATE CURRENT_TIMESTAMP,
  `update_time` timestamp NOT NULL DEFAULT '0000-00-00 00:00:00',
  PRIMARY KEY (`template_store_id`)
) ENGINE=InnoDB  DEFAULT CHARSET=utf8 COLLATE=utf8_unicode_ci AUTO_INCREMENT=78 ;

--
-- Dumping data for table `tbl_template_store`
--

INSERT INTO `tbl_template_store` (`template_store_id`, `order_id`, `order_detail_id`, `order_status`, `order_type`, `user_id`, `template_id`, `template_name`, `template_path`, `cnt`, `store_space`, `space_used`, `end_date`, `update_time`) VALUES
(1, 1, 1, 10, 0, 4, 53, 'Coffee & Tea', '', 0, 0, 0, '2017-03-27 15:30:19', '2017-03-27 15:30:19'),
(2, 1, 2, 10, 0, 4, 53, 'Save at MNS', '', 0, 0, 0, '2017-03-27 15:30:19', '2017-03-27 15:30:19'),
(3, 2, 3, 10, 0, 4, 53, 'Edit information', '', 0, 0, 0, '2017-03-27 15:32:26', '2017-03-27 15:32:26'),
(4, 3, 4, 10, 0, 4, 53, 'Setting, operating on-site', '', 0, 0, 0, '2017-03-29 14:59:21', '2017-03-29 14:59:21'),
(5, 4, 5, 10, 0, 4, 20, 'Seafood', '', 0, 0, 0, '2017-03-29 15:33:09', '2017-03-29 15:33:09'),
(6, 5, 6, 10, 0, 4, 20, 'Edit ', '', 0, 0, 0, '2017-03-29 15:35:36', '2017-03-29 15:35:36'),
(7, 6, 7, 10, 0, 4, 20, 'Cloud', '', 0, 0, 0, '2017-03-29 18:03:30', '2017-03-29 18:03:30'),
(8, 6, 8, 10, 0, 4, 20, 'Setting', '', 0, 0, 0, '2017-03-29 18:03:30', '2017-03-29 18:03:30'),
(9, 7, 9, 10, 0, 4, 45, 'Breakfast', '', 0, 0, 0, '2017-03-29 18:06:22', '2017-03-29 18:06:22'),
(10, 8, 10, 10, 0, 4, 5, 'Lemonade', '', 0, 0, 0, '2017-03-29 18:07:30', '2017-03-29 18:07:30'),
(11, 9, 11, 10, 0, 32, 45, 'Breakfast', '', 0, 0, 0, '2017-03-29 20:26:48', '2017-03-29 20:26:48'),
(12, 10, 12, 10, 0, 4, 5, 'Edit ', '', 0, 0, 0, '2017-03-30 15:54:21', '2017-03-30 15:54:21'),
(13, 11, 13, 10, 0, 4, 63, 'Mns Hill Cafe', '', 0, 0, 0, '2017-03-30 18:17:25', '2017-03-30 18:17:25'),
(14, 12, 14, 1, 0, 4, 63, 'Cloud', '', 0, 0, 0, '2017-03-30 18:19:05', '2017-03-30 18:19:05'),
(15, 13, 15, 10, 0, 4, 63, 'Edit ', '', 0, 0, 0, '2017-03-30 18:45:20', '2017-03-30 18:45:20'),
(16, 14, 16, 10, 0, 4, 5, 'Setting', '', 0, 0, 0, '2017-03-30 18:45:59', '2017-03-30 18:45:59'),
(17, 15, 17, 1, 0, 4, 45, 'Cloud', '', 0, 0, 0, '2017-03-30 18:56:07', '2017-03-30 18:56:07'),
(18, 16, 18, 10, 0, 4, 46, 'Smoked Beef', '', 0, 0, 0, '2017-03-30 18:57:54', '2017-03-30 18:57:54'),
(19, 17, 19, 10, 0, 4, 35, 'Food', '', 0, 0, 0, '2017-03-31 15:06:13', '2017-03-31 15:06:13'),
(20, 17, 20, 10, 0, 4, 35, 'Cloud', '', 0, 0, 0, '2017-03-31 15:06:13', '2017-03-31 15:06:13'),
(21, 18, 21, 1, 0, 4, 14, 'Triple Decker Strawberry', '', 0, 0, 0, '2017-03-31 15:56:49', '2017-03-31 15:56:49'),
(22, 18, 22, 1, 0, 4, 14, 'Edit ', '', 0, 0, 0, '2017-03-31 15:56:49', '2017-03-31 15:56:49'),
(23, 19, 23, 1, 0, 4, 1, 'Fast Food', '', 0, 0, 0, '2017-03-31 19:48:55', '2017-03-31 19:48:55'),
(24, 19, 24, 1, 0, 4, 1, 'Cloud', '', 0, 0, 0, '2017-03-31 19:48:55', '2017-03-31 19:48:55'),
(25, 20, 25, 1, 0, 34, 53, 'Coffee and Tea', '', 0, 0, 0, '2017-03-31 21:47:33', '2017-03-31 21:47:33'),
(26, 21, 26, 10, 0, 40, 1, 'Fast Food', '', 0, 0, 0, '2017-04-03 13:29:55', '2017-04-03 13:29:55'),
(27, 21, 27, 10, 0, 40, 14, 'Triple Decker Strawberry', '', 0, 0, 0, '2017-04-03 13:29:55', '2017-04-03 13:29:55'),
(28, 21, 28, 10, 0, 40, 14, 'Cloud', '', 0, 0, 0, '2017-04-03 13:29:55', '2017-04-03 13:29:55'),
(29, 21, 29, 10, 0, 40, 14, 'Setting', '', 0, 0, 0, '2017-04-03 13:29:55', '2017-04-03 13:29:55'),
(30, 21, 30, 10, 0, 40, 14, 'Edit ', '', 0, 0, 0, '2017-04-03 13:29:55', '2017-04-03 13:29:55'),
(31, 22, 31, 10, 0, 40, 37, 'Pigeon', '', 0, 0, 0, '2017-04-03 13:35:49', '2017-04-03 13:35:49'),
(32, 23, 32, 1, 0, 40, 1, 'Cloud', '', 0, 0, 0, '2017-04-03 13:43:19', '2017-04-03 13:43:19'),
(33, 24, 33, 10, 0, 40, 1, 'Setting', '', 0, 0, 0, '2017-04-03 14:07:50', '2017-04-03 14:07:50'),
(34, 25, 34, 10, 0, 4, 46, 'Cloud', '', 0, 0, 0, '2017-04-03 15:04:47', '2017-04-03 15:04:47'),
(35, 25, 35, 10, 0, 4, 37, 'Pigeon', '', 0, 0, 0, '2017-04-03 15:04:47', '2017-04-03 15:04:47'),
(36, 26, 36, 1, 0, 4, 14, 'Cloud', '', 0, 0, 0, '2017-04-03 15:57:11', '2017-04-03 15:57:11'),
(37, 27, 37, 1, 0, 4, 63, 'Setting', '', 0, 0, 0, '2017-04-03 18:00:25', '2017-04-03 18:00:25'),
(38, 28, 38, 1, 0, 4, 37, 'Edit ', '', 0, 0, 0, '2017-04-03 18:04:00', '2017-04-03 18:04:00'),
(39, 28, 39, 1, 0, 4, 22, 'Cream Cake', '', 0, 0, 0, '2017-04-03 18:04:00', '2017-04-03 18:04:00'),
(40, 28, 40, 1, 0, 4, 37, 'Cloud', '', 0, 0, 0, '2017-04-03 18:04:00', '2017-04-03 18:04:00'),
(41, 29, 41, 1, 0, 4, 23, '5- Spices Beef', '', 0, 0, 0, '2017-04-03 18:11:27', '2017-04-03 18:11:27'),
(42, 29, 42, 1, 0, 4, 23, 'Edit ', '', 0, 0, 0, '2017-04-03 18:11:27', '2017-04-03 18:11:27'),
(43, 29, 43, 1, 0, 4, 23, 'Cloud', '', 0, 0, 0, '2017-04-03 18:11:27', '2017-04-03 18:11:27'),
(44, 30, 44, 1, 0, 4, 12, 'Espresso', '', 0, 0, 0, '2017-04-03 18:13:20', '2017-04-03 18:13:20'),
(45, 31, 45, 10, 0, 41, 35, 'Food', '', 0, 0, 0, '2017-04-03 22:07:12', '2017-04-03 22:07:12'),
(46, 31, 46, 10, 0, 41, 35, 'Cloud', '', 0, 0, 0, '2017-04-03 22:07:12', '2017-04-03 22:07:12'),
(47, 32, 47, 1, 0, 4, 22, 'Cloud', '', 0, 0, 0, '2017-04-04 13:39:10', '2017-04-04 13:39:10'),
(48, 33, 48, 1, 0, 4, 29, 'Fish food', '', 0, 0, 0, '2017-04-04 13:40:38', '2017-04-04 13:40:38'),
(49, 34, 49, 10, 0, 42, 20, 'Seafood', '', 0, 0, 0, '2017-04-04 14:50:04', '2017-04-04 14:50:04'),
(50, 34, 50, 10, 0, 42, 20, 'Cloud', '', 0, 0, 0, '2017-04-04 14:50:04', '2017-04-04 14:50:04'),
(51, 35, 51, 1, 0, 42, 35, 'Food', '', 0, 0, 0, '2017-04-04 15:07:48', '2017-04-04 15:07:48'),
(52, 35, 52, 1, 0, 42, 35, 'Cloud', '', 0, 0, 0, '2017-04-04 15:07:48', '2017-04-04 15:07:48'),
(53, 36, 53, 10, 0, 42, 23, '5- Spices Beef', '', 0, 0, 0, '2017-04-04 15:12:31', '2017-04-04 15:12:31'),
(54, 36, 54, 10, 0, 42, 23, 'Cloud', '', 0, 0, 0, '2017-04-04 15:12:31', '2017-04-04 15:12:31'),
(55, 37, 55, 10, 0, 34, 35, 'Food', '', 0, 0, 0, '2017-04-04 15:21:12', '2017-04-04 15:21:12'),
(56, 37, 56, 10, 0, 34, 35, 'Cloud', '', 0, 0, 0, '2017-04-04 15:21:12', '2017-04-04 15:21:12'),
(57, 37, 57, 10, 0, 34, 35, 'Edit ', '', 0, 0, 0, '2017-04-04 15:21:12', '2017-04-04 15:21:12'),
(58, 37, 58, 10, 0, 34, 35, 'Setting', '', 0, 0, 0, '2017-04-04 15:21:12', '2017-04-04 15:21:12'),
(59, 38, 59, 10, 0, 34, 29, 'Fish food', '', 0, 0, 0, '2017-04-04 15:23:12', '2017-04-04 15:23:12'),
(60, 38, 60, 10, 0, 34, 29, 'Cloud', '', 0, 0, 0, '2017-04-04 15:23:12', '2017-04-04 15:23:12'),
(61, 39, 61, 10, 0, 34, 22, 'Cream Cake', '', 0, 0, 0, '2017-04-04 15:25:34', '2017-04-04 15:25:34'),
(62, 39, 62, 10, 0, 34, 22, 'Setting', '', 0, 0, 0, '2017-04-04 15:25:34', '2017-04-04 15:25:34'),
(63, 40, 63, 10, 0, 34, 20, 'Seafood', '', 0, 0, 0, '2017-04-04 15:30:45', '2017-04-04 15:30:45'),
(64, 41, 64, 10, 0, 34, 20, 'Edit ', '', 0, 0, 0, '2017-04-04 15:31:33', '2017-04-04 15:31:33'),
(65, 42, 65, 10, 0, 34, 37, 'Pigeon', '', 0, 0, 0, '2017-04-04 16:00:08', '2017-04-04 16:00:08'),
(66, 43, 66, 10, 0, 34, 37, 'Cloud', '', 0, 0, 0, '2017-04-04 18:52:39', '2017-04-04 18:52:39'),
(67, 44, 67, 1, 0, 43, 35, 'Food', '', 0, 0, 0, '2017-04-04 20:55:59', '2017-04-04 20:55:59'),
(68, 44, 68, 1, 0, 43, 35, 'Cloud', '', 0, 0, 0, '2017-04-04 20:55:59', '2017-04-04 20:55:59'),
(69, 45, 69, 10, 0, 4, 23, 'Setting', '', 0, 0, 0, '2017-04-04 21:26:31', '2017-04-04 21:26:31'),
(70, 46, 70, 10, 0, 25, 22, 'Cream Cake', '', 0, 0, 0, '2017-04-05 14:38:50', '2017-04-05 14:38:50'),
(71, 46, 71, 10, 0, 25, 45, 'Breakfast', '', 0, 0, 0, '2017-04-05 14:38:50', '2017-04-05 14:38:50'),
(72, 47, 72, 10, 0, 44, 37, 'Pigeon', '', 0, 0, 0, '2017-04-05 21:13:18', '2017-04-05 21:13:18'),
(73, 47, 73, 10, 0, 44, 35, 'Food', '', 0, 0, 0, '2017-04-05 21:13:18', '2017-04-05 21:13:18'),
(74, 47, 74, 10, 0, 44, 22, 'Cream Cake', '', 0, 0, 0, '2017-04-05 21:13:18', '2017-04-05 21:13:18'),
(75, 48, 75, 10, 0, 4, 29, 'Edit ', '', 0, 0, 0, '2017-04-06 13:22:28', '2017-04-06 13:22:28'),
(76, 49, 76, 1, 0, 4, 37, 'Setting', '', 0, 0, 0, '2017-04-06 13:24:00', '2017-04-06 13:24:00'),
(77, 50, 77, 10, 0, 34, 37, 'Setting', '', 0, 0, 0, '2017-04-06 13:37:45', '2017-04-06 13:37:45');

-- --------------------------------------------------------

--
-- Table structure for table `tbl_user`
--

CREATE TABLE IF NOT EXISTS `tbl_user` (
  `user_id` int(11) NOT NULL AUTO_INCREMENT,
  `email` varchar(100) NOT NULL,
  `password` varchar(50) NOT NULL,
  `firstname` varchar(100) NOT NULL,
  `lastname` varchar(100) NOT NULL,
  `avatar` varchar(200) NOT NULL,
  `full_name` varchar(200) NOT NULL,
  `birthday` date NOT NULL,
  `gender_id` tinyint(4) NOT NULL,
  `company` varchar(1000) DEFAULT NULL,
  `contact_person` varchar(255) DEFAULT NULL,
  `phone` varchar(100) DEFAULT NULL,
  `mobile` varchar(20) NOT NULL,
  `address` varchar(1000) NOT NULL,
  `city` varchar(100) NOT NULL,
  `country_id` int(11) NOT NULL,
  `status` tinyint(1) NOT NULL,
  `active_code` varchar(255) NOT NULL,
  `user_type` tinyint(1) DEFAULT NULL,
  `user_path` varchar(128) NOT NULL,
  `create_time` timestamp NOT NULL DEFAULT CURRENT_TIMESTAMP ON UPDATE CURRENT_TIMESTAMP,
  `update_time` timestamp NOT NULL DEFAULT '0000-00-00 00:00:00',
  PRIMARY KEY (`user_id`)
) ENGINE=InnoDB  DEFAULT CHARSET=utf8 AUTO_INCREMENT=45 ;

--
-- Dumping data for table `tbl_user`
--

INSERT INTO `tbl_user` (`user_id`, `email`, `password`, `firstname`, `lastname`, `avatar`, `full_name`, `birthday`, `gender_id`, `company`, `contact_person`, `phone`, `mobile`, `address`, `city`, `country_id`, `status`, `active_code`, `user_type`, `user_path`, `create_time`, `update_time`) VALUES
(1, 'admin', '18e63a7a0c7a944174de32c15dc01fb1', 'mr', 'Admin', '', 'Quang Vu1', '0000-00-00', 1, NULL, NULL, '09097569861', '', 'cty mns, số 21, đường A4, P12,1', 'Tân Bình', 0, 1, '', 1, '201611/1110d8d57e4fef75952e7456234ff7b1', '2016-12-08 21:38:14', '0000-00-00 00:00:00'),
(2, 'quangvu@mns.tv', '18e63a7a0c7a944174de32c15dc01fb1', 'Quang', 'Vu', '', 'Quãng Quang Vũ', '0000-00-00', 1, NULL, NULL, '0909756986', '', 'cty mns, 21, đường A4, P12,', 'Tân Bình', 0, 1, '', 2, '78336d5fc213a5e7217f334fa02bcec9', '2017-03-29 07:22:28', '0000-00-00 00:00:00'),
(3, 'congtue@mns.vn', '18e63a7a0c7a944174de32c15dc01fb1', 'Công', 'Tuệ', '', 'Công Tuệ', '0000-00-00', 1, NULL, NULL, '0905022640', '', 'K764/11 Trần Cao Vân  - Đà Nẵng', 'Đà Nẵng', 0, 1, '', 2, '78336d5fc213a5e7217f334fa02bcec9', '2017-01-13 03:26:22', '0000-00-00 00:00:00'),
(4, 'lananh@mns.tv', '18e63a7a0c7a944174de32c15dc01fb1', '', '', 'Chrysanthemum.jpg', 'Lan Anh 123', '0000-00-00', 2, NULL, NULL, '+84 0164 905 9965', '', '234 Ngũ Hành Sơn, Đà Nẵng', 'DN', 45, 1, 'ac9d2f6873', NULL, '201611/d40e37cc5b39f87969958dd268b3b042', '2017-04-05 10:15:54', '2016-11-21 14:51:05'),
(5, 'thanhpk.vn@gmail.com', '18e63a7a0c7a944174de32c15dc01fb1', '', '', 'thanhpk.png', 'Thanh Pk', '0000-00-00', 1, NULL, NULL, '090 911 5181', '', '43 ádfs', 'fgg', 0, 1, '', NULL, '201611/4678b18183ffb24c366e21671ab06ef1', '2016-12-30 03:35:15', '2016-11-22 19:37:14'),
(7, 'anh123@gmail.com', '18e63a7a0c7a944174de32c15dc01fb1', '', '', '', 'Lan Anh', '0000-00-00', 2, NULL, NULL, '0164 905 9976', '', 'HCM', 'HCM', 0, 1, '', NULL, '201612/0234d74ba7b31c6ab2de779274c7cfca', '2017-01-06 10:24:06', '2016-12-08 18:19:03'),
(9, 'hoangthilananh37k14@gmail.com', '18e63a7a0c7a944174de32c15dc01fb1', '', '', '', 'Lan Anh 1', '0000-00-00', 2, NULL, NULL, '01649067898', '', 'Huế', 'Huế', 0, 1, '', NULL, '201702/b597d1179fd4565ea21b844f6785e3bd', '2017-02-10 10:27:46', '0000-00-00 00:00:00'),
(10, 'lananh123@mns.tv', '283c3e9', '', '', '', 'Anh test', '0000-00-00', 1, NULL, NULL, '01649059965', '', 'Đà Nẵng', '', 0, 0, '', NULL, '', '2016-12-23 07:37:17', '0000-00-00 00:00:00'),
(14, 'anh@gmail.com', '1389658', '', '', '', 'Lan Anh test1', '0000-00-00', 2, NULL, NULL, '01234567889', '', '725 Hà Huy Tập', '', 0, 0, '', NULL, '', '2016-12-26 07:58:30', '0000-00-00 00:00:00'),
(15, 'anhorder@mns.tv', 'f17be3d', '', '', '', 'Anh test order', '0000-00-00', 1, NULL, NULL, '0984754564', '', 'Đà Nẵng', '', 0, 0, '', NULL, '', '2016-12-26 08:49:39', '0000-00-00 00:00:00'),
(18, 'hoangthiphuongthao@gmail.com', 'ae33285', '', '', '', 'Test mua lần đầu', '0000-00-00', 1, NULL, NULL, '-0169 845 5877', '', 'Huế', 'Huế', 0, 0, '', NULL, '', '2016-12-28 09:50:44', '0000-00-00 00:00:00'),
(19, 'test1@gmail.com', '08e7e95', '', '', '', 'test1', '0000-00-00', 1, NULL, NULL, '098 544 3233', '', 'K78/25 Lê Lợi, T.p Huế', 'Huế', 0, 0, '', NULL, '201611/d40e37cc5b39f87969958dd268b3b034', '2016-12-30 02:52:06', '0000-00-00 00:00:00'),
(20, 'firstpurchase@gmail.com', 'f73cd64', '', '', '', 'firstpurchase', '0000-00-00', 1, NULL, NULL, '09872464433332', '', 'Hồ Chí Minh', 'Hồ Chí Minh', 0, 0, '', NULL, '', '2016-12-29 08:39:05', '0000-00-00 00:00:00'),
(21, 'hoanganh020193@yahoo.com', '5d6c066', '', '', '', 'Lan Anh', '0000-00-00', 2, NULL, NULL, '0983434546343', '', 'K47/25 Trần Xuân Lê, Đà Nẵng', 'Đà Nẵng', 0, 0, '', NULL, '', '2016-12-30 02:32:45', '0000-00-00 00:00:00'),
(22, 'first@paypal.com', '63e9a07', '', '', '', 'firstpaypal123@', '0000-00-00', 2, NULL, NULL, '096 543 7787', '', 'K124 Mai Lão Bạng, Đà Nẵng', 'Đà Nẵng', 0, 0, '', NULL, '201612/63e9a0757e4fef75952e7456234ff7b1', '2017-01-04 08:17:17', '0000-00-00 00:00:00'),
(23, 'test@mns.tv', '18e63a7a0c7a944174de32c15dc01fb1', '', '', '', 'Anh@', '0000-00-00', 2, NULL, NULL, '097 267 1146', '', '1/11 Võ Thị Sáu, Thừa Thiên Huế', 'Huế', 0, 0, '', NULL, '', '2017-01-04 08:33:19', '0000-00-00 00:00:00'),
(24, 'test22@mns.tv', '', '', '', '', 'Test22', '0000-00-00', 1, NULL, NULL, '098 734 2453', '', 'K137/24 Trường Chinh, T.p Đà Nẵng', 'Đà Nẵng', 0, 0, '', NULL, '', '2017-01-04 07:46:51', '0000-00-00 00:00:00'),
(25, 'thanhpk01@mns.tv', '18e63a7a0c7a944174de32c15dc01fb1', 'Phạm', 'Thanh1', 'thanhpk.png', 'Phạm Khắc Thanh', '0000-00-00', 1, NULL, NULL, '098 734 2456', '', 'Hồ Chí Minh', 'Hồ Chí Minh', 235, 1, 'dffce3815a', NULL, '201701/92ed921e94d7e70376ca6c09d3df0a70', '2017-04-05 03:39:58', '0000-00-00 00:00:00'),
(27, 'thanhpk02@mns.tv', '18e63a7a0c7a944174de32c15dc01fb1', 'Phạm ', 'Thanh 2', '', 'Thanh Phạm 2', '0000-00-00', 1, NULL, NULL, '092345235325', '', '234dds', 'sdfgd', 0, 1, '', NULL, '201701/3cc5a271f885f8a5ceae3acbbeb6125e', '2017-01-05 03:16:54', '0000-00-00 00:00:00'),
(28, 'thanhpk03@mns.tv', '18e63a7a0c7a944174de32c15dc01fb1', '', '', '', 'Thanh Phạm 3', '0000-00-00', 1, NULL, NULL, NULL, '', '', '', 0, 1, '', NULL, '201701/31350d95ac43f1ef1d4ae51463a9ae06', '2017-01-04 08:26:03', '0000-00-00 00:00:00'),
(29, 'anhtest1@mns.tv', 'baae40b', '', '', '', 'anhtest1', '0000-00-00', 1, NULL, NULL, '098 776 5435', '', 'Huế', 'Huế', 0, 0, '', NULL, '', '2017-01-04 08:38:47', '0000-00-00 00:00:00'),
(30, 'lananhtest@mns.tv', '18e63a7a0c7a944174de32c15dc01fb1', '', '', '', 'lan anh', '0000-00-00', 2, NULL, NULL, '+84 098.332', '', 'K147/25 Trần Xuân Lê, ĐN', 'ĐN', 0, 1, '', NULL, '201701/95d114661d734c1c7e4f0a8ff86bfaf5', '2017-01-06 11:03:03', '0000-00-00 00:00:00'),
(31, 'test@abc.com', '18e63a7a0c7a944174de32c15dc01fb1', '', '', '', 'test', '0000-00-00', 1, NULL, NULL, '04873564645', '', 'Huế', 'Huế', 0, 1, '', NULL, '201701/60bee89bd9bd5d56a1f6089ff787ee7c', '2017-01-09 07:33:44', '0000-00-00 00:00:00'),
(32, 'testmenu@mns.tv', '18e63a7a0c7a944174de32c15dc01fb1', '', '', '', 'Testmenu', '0000-00-00', 2, NULL, NULL, '097 267 1145', '', 'K03 Dương Thị Xuân Qúy, Đà Nẵng', ' Đà Nẵng', 0, 1, '', NULL, '201701/ccc97772efc096c19c523a14289a537f', '2017-01-13 02:49:34', '0000-00-00 00:00:00'),
(33, 'test330@mns.tv', '18e63a7a0c7a944174de32c15dc01fb1', '', '', '', 'test2', '0000-00-00', 1, NULL, NULL, '04863573464', '', 'Đà Nẵng', 'Đà Nẵng', 0, 1, '', NULL, '201703/a25fd95bd1c9614c5609cc0cae6b6ab9', '2017-03-27 04:55:05', '0000-00-00 00:00:00'),
(34, 'lananh02@mns.tv', '18e63a7a0c7a944174de32c15dc01fb1', '', '', '', 'lananh02', '0000-00-00', 1, NULL, NULL, '0967462645', '', 'DN', 'DN', 235, 1, '', NULL, '201701/2e820026cf9ca33af1159929d0476f5a', '2017-04-06 06:48:06', '0000-00-00 00:00:00'),
(35, 'congtue1@mns.vn', 'f9f270d', '', '', '', 'Trần Công Tuệ', '0000-00-00', 1, NULL, NULL, '0905022640', '', 'K746/11 Trần Cao Vân', 'Đà Nẵng', 0, 0, '', NULL, '', '2017-01-16 07:53:13', '0000-00-00 00:00:00'),
(36, 'minhky@mns.tv', '30902c995547c8703004fc832b738290', 'Minh', 'Ky', '', 'Minh Ky', '0000-00-00', 1, NULL, NULL, '', '', 'cty mns, 21, đường A4, P12,', 'Tân Bình', 0, 1, '', 2, '78336d5fc213a5e7217f334fa02bcec9', '2016-12-10 04:04:53', '0000-00-00 00:00:00'),
(37, 'congtue@mns.vn.vn', 'd4fd0fc', '', '', '', 'Công Tuệ test', '0000-00-00', 1, NULL, NULL, '0905022640', '', 'Tran Cao Van DN', 'DN', 0, 0, '', NULL, '', '2017-02-10 01:50:24', '0000-00-00 00:00:00'),
(38, 'fwfsfdsfs@fff.com', 'ff8199f', '', '', '', 'ágfafgdsagsagsa', '0000-00-00', 1, NULL, NULL, '235342532532523532532', '', '09sadfsafsavxa advsa sa ad', 'sadfsafsafas ', 0, 0, '', NULL, '', '2017-02-10 07:16:19', '0000-00-00 00:00:00'),
(39, 'test0213@mns.tv', '18e63a7a0c7a944174de32c15dc01fb1', '', '', '', 'test0213', '0000-00-00', 1, NULL, NULL, '+84 098-434-3454', '', 'Đà Nẵng', 'Đà Nẵng', 0, 1, '', NULL, '201702/18967e0997248be1195b58a00ff7b741', '2017-02-13 08:56:39', '0000-00-00 00:00:00'),
(40, 'nhung@gmail.com', '18e63a7a0c7a944174de32c15dc01fb1', '', '', '', 'nhung@gmail.com', '0000-00-00', 1, NULL, NULL, '08384564565', '', 'DN', 'DN', 0, 1, '', NULL, '201704/6800baf2e55cbed59c8fdc7372158b33', '2017-04-03 03:00:33', '0000-00-00 00:00:00'),
(41, 'test0304@gmail.com', '9c686dc', '', '', '', 'test0304@gmail.com', '0000-00-00', 1, NULL, NULL, '09142375635', '', 'DN', 'DN', 0, 0, '', NULL, '', '2017-04-03 11:07:12', '0000-00-00 00:00:00'),
(42, 'test123@mns.tv', '6cbb71d', '', '', '', 'Test', '0000-00-00', 1, NULL, NULL, '0986445324', '', 'DN', 'DN', 0, 0, '', NULL, '', '2017-04-04 03:50:04', '0000-00-00 00:00:00'),
(43, 'test0404@mns.tv', 'e8c7afa', '', '', '', 'test0404@mns.tv', '0000-00-00', 1, NULL, NULL, '09473565353', '', 'DN', 'DN', 0, 0, '', NULL, '', '2017-04-04 09:55:59', '0000-00-00 00:00:00'),
(44, 'khongthanhdung92@gmail.com', 'b62eb77', '', '', 'IMG_3829.JPG', 'ktdung', '0000-00-00', 1, NULL, NULL, '1659142937', '', '421 Tran Hung Dao', 'Da Nang', 1, 0, '', NULL, '', '2017-04-05 10:15:14', '0000-00-00 00:00:00');

/*!40101 SET CHARACTER_SET_CLIENT=@OLD_CHARACTER_SET_CLIENT */;
/*!40101 SET CHARACTER_SET_RESULTS=@OLD_CHARACTER_SET_RESULTS */;
/*!40101 SET COLLATION_CONNECTION=@OLD_COLLATION_CONNECTION */;
